338.73,4.19,3.493,62.0,48.1,0.00289,184.1,Active
363.31,4.12,3.483,50.4,64.4,0.00458,194.9,Active
329.09,4.037,3.322,60.5,53.6,0.00323,222.8,Inactive
326.97,4.058,3.347,59.1,60.7,0.003,216.0,Active
349.62,4.009,3.443,53.4,46.3,0.00487,247.6,Active
360.42,4.061,3.239,63.7,53.8,0.00281,214.7,Active
321.72,4.182,3.304,63.3,51.2,0.0038,218.3,Active
329.24,4.194,3.51,68.8,62.9,0.00399,244.5,Active
324.42,4.039,3.218,56.5,52.8,0.00318,238.0,Inactive
337.84,4.056,3.417,52.8,61.0,0.00269,249.1,Active
358.61,4.04,3.202,66.3,59.1,0.00432,234.0,Active
323.7,4.072,3.246,67.3,57.5,0.00333,184.4,Active
335.55,4.065,3.492,62.8,62.7,0.00368,188.4,Active
355.66,4.152,3.425,65.4,54.9,0.00381,209.9,Active
321.27,4.022,3.213,62.7,51.3,0.00377,243.5,Active
332.46,4.082,3.502,54.6,46.5,0.00322,191.3,Active
366.48,4.162,3.453,67.4,61.1,0.00297,242.5,Inactive
346.97,4.161,3.558,56.4,47.2,0.00307,209.9,Active
360.9,4.172,3.203,60.2,53.3,0.00306,188.4,Inactive
336.88,4.189,3.329,60.4,59.1,0.00341,248.0,Inactive
368.12,4.05,3.399,56.0,50.7,0.00259,222.7,Active
345.13,4.01,3.311,68.2,49.8,0.00286,214.3,Active
369.28,4.048,3.469,65.2,49.8,0.00432,205.7,Inactive
351.62,4.127,3.414,51.8,61.7,0.0033,193.1,Inactive
322.04,4.118,3.471,50.3,55.2,0.00307,225.2,Inactive
328.72,4.138,3.355,68.7,47.8,0.00335,187.9,Active
366.23,4.175,3.303,63.2,61.3,0.00389,217.1,Active
332.09,4.019,3.559,68.0,57.7,0.00335,204.4,Inactive
356.3,4.179,3.555,65.6,57.8,0.00271,191.3,Active
364.93,4.121,3.204,52.0,58.3,0.00251,191.3,Active
347.44,4.138,3.461,54.5,59.2,0.00309,202.8,Inactive
357.32,4.13,3.54,63.2,56.4,0.00273,205.7,Active
333.26,4.049,3.589,57.9,62.8,0.00408,235.6,Inactive
345.13,4.115,3.397,53.9,59.4,0.0032,181.7,Inactive
352.27,4.035,3.576,69.1,63.3,0.00343,181.1,Inactive
366.42,4.086,3.587,69.3,62.1,0.00324,207.0,Active
362.56,4.063,3.268,61.1,63.7,0.00424,219.9,Inactive
324.86,4.123,3.596,52.8,55.4,0.00469,231.9,Active
354.85,4.14,3.344,55.9,61.2,0.00453,240.7,Inactive
365.66,4.102,3.401,66.0,58.0,0.00425,235.7,Active
364.5,4.068,3.35,51.9,56.6,0.00259,212.6,Inactive
347.13,4.057,3.436,50.6,45.7,0.00456,205.2,Inactive
326.35,4.104,3.508,54.3,57.5,0.00271,183.6,Active
346.57,4.108,3.455,64.5,64.5,0.00379,202.6,Active
359.76,4.054,3.376,51.6,45.5,0.00491,238.5,Active
354.8,4.082,3.269,53.1,50.0,0.00387,230.0,Active
353.01,4.056,3.582,64.8,56.1,0.00403,209.4,Inactive
332.39,4.071,3.503,50.3,47.3,0.00262,182.9,Active
362.77,4.141,3.39,52.0,54.8,0.00368,192.1,Active
341.69,4.08,3.446,62.7,45.9,0.00344,223.8,Active
345.16,4.171,3.463,53.3,46.4,0.00411,181.9,Inactive
349.29,4.188,3.43,57.8,57.9,0.00365,218.2,Inactive
367.07,4.077,3.584,68.1,48.9,0.00267,187.1,Inactive
320.91,4.019,3.473,51.4,51.4,0.00461,181.6,Inactive
360.72,4.056,3.247,63.9,57.6,0.00469,231.5,Active
360.17,4.056,3.271,65.0,61.1,0.00498,208.9,Inactive
338.6,4.155,3.336,68.6,62.2,0.00357,232.6,Inactive
357.73,4.021,3.561,60.1,61.5,0.0033,242.7,Active
339.46,4.002,3.562,51.8,51.4,0.00488,246.5,Inactive
348.67,4.126,3.379,55.9,51.6,0.00418,232.7,Active
359.58,4.158,3.236,59.9,46.2,0.00387,210.9,Active
364.39,4.07,3.247,52.9,60.2,0.00405,187.1,Active
324.21,4.14,3.229,66.4,59.1,0.0027,185.9,Active
369.33,4.075,3.348,66.3,63.9,0.00497,232.7,Inactive
338.81,4.017,3.511,61.2,53.5,0.00477,187.8,Inactive
344.63,4.002,3.387,51.1,47.4,0.00279,225.4,Inactive
357.3,4.117,3.585,57.5,50.7,0.00467,195.7,Active
368.16,4.002,3.588,50.9,62.8,0.00382,249.5,Inactive
323.69,4.111,3.588,60.5,57.6,0.00424,211.8,Active
351.38,4.117,3.56,50.9,50.6,0.00488,242.3,Active
342.78,4.124,3.311,53.8,54.3,0.00338,220.9,Active
323.89,4.195,3.594,64.0,55.7,0.00327,237.0,Inactive
354.24,4.033,3.564,66.5,64.0,0.00431,222.9,Inactive
340.91,4.187,3.546,50.9,45.5,0.00344,236.7,Inactive
369.36,4.03,3.438,57.6,64.4,0.00461,238.7,Active
343.43,4.083,3.309,51.1,62.3,0.00453,250.0,Active
369.83,4.111,3.508,68.9,62.0,0.00312,211.5,Inactive
326.46,4.191,3.442,54.6,58.4,0.00405,205.1,Active
325.68,4.134,3.408,65.4,55.4,0.00463,218.6,Inactive
348.05,4.175,3.361,52.7,45.6,0.00439,223.4,Inactive
355.2,4.043,3.255,50.3,52.0,0.00397,207.5,Inactive
341.87,4.181,3.339,60.3,60.7,0.00349,223.5,Active
363.12,4.19,3.259,68.5,54.8,0.00315,212.1,Inactive
369.0,4.099,3.332,62.7,49.8,0.00269,189.0,Active
326.4,4.03,3.256,62.8,48.6,0.00336,242.8,Active
343.7,4.134,3.269,53.8,45.8,0.00292,199.5,Inactive
328.85,4.018,3.248,59.2,49.1,0.00341,215.2,Inactive
354.52,4.008,3.52,62.6,46.6,0.00468,244.5,Inactive
323.05,4.055,3.522,65.0,48.7,0.00302,205.9,Inactive
344.23,4.124,3.348,59.3,59.9,0.00259,197.7,Active
355.67,4.179,3.405,60.6,47.1,0.00362,217.3,Active
332.12,4.054,3.351,50.4,51.4,0.00303,202.9,Inactive
325.99,4.178,3.437,63.6,60.8,0.00375,186.1,Active
346.86,4.117,3.498,58.6,47.6,0.00321,205.4,Active
352.3,4.114,3.342,69.7,57.1,0.00309,187.1,Active
327.64,4.049,3.264,53.7,50.7,0.00293,242.8,Active
324.01,4.105,3.364,69.6,47.2,0.00349,247.9,Active
363.28,4.163,3.303,53.4,58.4,0.00482,219.0,Inactive
348.58,4.056,3.508,53.7,51.5,0.00356,215.5,Active
332.12,4.023,3.444,55.8,56.6,0.00289,213.7,Inactive
346.63,4.01,3.335,52.7,46.3,0.00497,202.6,Inactive
360.49,4.051,3.473,65.2,56.9,0.00368,208.8,Inactive
337.44,4.186,3.532,69.3,47.5,0.00433,245.7,Inactive
329.06,4.013,3.496,61.5,61.8,0.00285,235.7,Active
330.08,4.033,3.266,66.3,58.3,0.00381,205.1,Active
363.86,4.078,3.527,58.8,52.5,0.00366,201.1,Inactive
357.38,4.101,3.293,68.0,52.7,0.00386,243.5,Inactive
351.21,4.023,3.576,62.6,51.7,0.00285,235.6,Active
351.0,4.107,3.558,65.8,48.0,0.00328,197.4,Inactive
357.2,4.007,3.428,65.2,62.5,0.00336,237.5,Inactive
325.53,4.169,3.251,57.9,60.9,0.00287,196.0,Active
356.11,4.144,3.456,63.9,55.9,0.00313,204.2,Inactive
329.08,4.182,3.433,58.0,54.2,0.00487,190.7,Active
349.31,4.101,3.445,50.4,62.4,0.00483,219.6,Inactive
354.83,4.184,3.483,53.1,56.5,0.00402,209.7,Active
356.82,4.187,3.57,59.0,47.3,0.00496,238.7,Active
326.23,4.184,3.548,60.4,56.8,0.0035,183.8,Inactive
336.76,4.161,3.202,56.7,53.0,0.00384,244.4,Active
337.32,4.069,3.495,59.0,49.5,0.00363,189.9,Active
328.82,4.1,3.368,68.3,52.2,0.00395,224.3,Inactive
320.65,4.133,3.271,69.2,48.0,0.00354,186.0,Active
369.84,4.1,3.438,51.3,60.0,0.00302,242.9,Active
330.26,4.038,3.215,59.4,56.3,0.00266,234.3,Inactive
342.66,4.105,3.376,58.0,56.2,0.00289,192.7,Inactive
363.09,4.189,3.349,55.4,57.9,0.00352,181.8,Active
327.81,4.143,3.464,50.5,49.4,0.00308,227.0,Active
320.99,4.021,3.52,53.6,58.1,0.0031,187.0,Inactive
332.16,4.144,3.542,66.6,52.9,0.00417,194.3,Inactive
334.66,4.179,3.205,51.7,49.2,0.00257,192.7,Active
349.15,4.084,3.557,66.3,51.8,0.00315,206.6,Active
349.51,4.054,3.45,58.2,56.0,0.00359,200.6,Active
367.42,4.153,3.256,67.4,54.7,0.00474,236.0,Active
341.26,4.004,3.307,60.8,57.7,0.00314,189.8,Active
361.75,4.197,3.41,53.4,50.4,0.00255,244.0,Inactive
325.89,4.115,3.31,61.1,58.0,0.00457,194.4,Active
320.55,4.027,3.56,67.5,56.9,0.004,226.6,Active
328.77,4.183,3.368,57.7,55.4,0.00262,191.6,Active
356.9,4.017,3.441,54.9,52.8,0.00322,204.9,Inactive
355.95,4.059,3.427,59.5,58.3,0.00484,231.3,Active
330.75,4.006,3.305,61.9,46.0,0.00374,221.8,Inactive
336.71,4.154,3.243,51.5,59.6,0.00374,228.2,Inactive
341.74,4.049,3.528,66.0,58.9,0.00318,221.3,Active
338.05,4.018,3.567,52.7,64.0,0.00362,193.0,Active
347.1,4.175,3.493,66.1,58.2,0.00423,239.4,Inactive
332.48,4.098,3.288,69.8,63.9,0.0026,229.4,Inactive
366.26,4.036,3.427,68.3,45.7,0.00424,200.8,Inactive
366.22,4.194,3.578,59.5,62.2,0.00461,202.3,Inactive
361.45,4.007,3.439,54.6,47.4,0.00269,228.7,Inactive
336.99,4.145,3.226,56.3,55.8,0.00448,202.3,Active
351.29,4.177,3.446,54.7,45.5,0.00468,181.5,Active
363.74,4.106,3.576,66.0,65.0,0.00338,233.7,Active
340.1,4.096,3.451,67.5,64.7,0.00442,209.2,Active
341.07,4.148,3.296,52.2,52.1,0.00322,200.7,Inactive
331.68,4.008,3.207,69.8,53.6,0.00346,227.6,Active
330.91,4.19,3.515,51.8,53.4,0.0047,246.1,Active
343.37,4.123,3.267,69.8,49.6,0.00486,225.5,Active
350.39,4.103,3.292,53.5,49.4,0.00297,234.6,Active
337.51,4.012,3.588,67.7,63.6,0.00499,192.2,Active
339.81,4.152,3.478,53.1,61.3,0.00306,195.7,Active
346.85,4.119,3.432,51.8,62.5,0.00316,189.1,Active
364.44,4.191,3.545,66.2,58.1,0.00388,186.1,Active
340.42,4.075,3.304,64.5,54.9,0.0027,195.4,Active
354.16,4.015,3.54,59.9,54.6,0.00398,237.7,Inactive
337.39,4.136,3.426,55.3,62.6,0.00449,226.1,Active
362.53,4.173,3.483,66.7,58.9,0.0042,223.3,Active
357.64,4.032,3.552,67.4,45.6,0.00456,189.0,Inactive
336.76,4.149,3.264,66.4,61.6,0.00377,180.4,Inactive
334.35,4.123,3.592,62.6,50.2,0.00409,217.8,Active
358.99,4.021,3.504,60.8,64.3,0.00335,224.3,Active
366.6,4.021,3.575,63.8,46.4,0.00325,229.6,Inactive
323.37,4.116,3.338,62.4,45.9,0.00468,248.1,Active
368.44,4.15,3.252,65.2,45.5,0.00256,202.7,Inactive
344.43,4.154,3.473,58.9,50.5,0.00499,209.8,Inactive
342.57,4.033,3.518,63.9,49.4,0.00271,227.6,Active
352.73,4.055,3.58,53.0,53.6,0.00486,209.4,Active
351.93,4.08,3.31,69.7,53.2,0.00474,196.1,Active
330.66,4.006,3.461,57.4,62.3,0.00368,247.8,Inactive
329.28,4.174,3.511,65.4,61.9,0.0044,223.8,Inactive
326.56,4.007,3.568,62.3,60.9,0.0037,188.2,Inactive
326.26,4.137,3.372,54.0,54.8,0.00266,220.7,Inactive
333.45,4.16,3.324,59.1,45.2,0.00268,207.5,Inactive
344.0,4.12,3.317,63.9,62.2,0.00445,182.8,Active
344.03,4.021,3.297,69.7,47.8,0.00375,223.3,Active
355.12,4.112,3.204,56.5,55.4,0.00272,204.5,Active
321.66,4.016,3.359,52.7,56.4,0.00422,236.0,Inactive
330.01,4.033,3.242,62.7,59.1,0.00258,245.5,Inactive
322.6,4.108,3.484,67.4,59.3,0.0045,203.8,Active
360.74,4.016,3.558,61.0,61.3,0.00363,225.1,Active
346.32,4.146,3.233,51.2,49.9,0.0029,241.0,Active
330.96,4.195,3.335,53.6,60.8,0.00415,214.9,Active
347.77,4.144,3.291,69.9,64.5,0.00413,194.0,Inactive
354.01,4.014,3.212,55.2,54.3,0.00467,230.9,Active
357.14,4.085,3.338,57.4,64.8,0.0026,240.7,Inactive
348.93,4.088,3.49,59.7,62.5,0.00475,209.5,Active
333.84,4.118,3.565,54.2,57.5,0.00408,231.3,Inactive
326.58,4.143,3.564,53.6,49.8,0.00493,192.7,Inactive
362.72,4.098,3.299,67.4,53.9,0.00379,205.1,Active
349.65,4.033,3.356,69.4,50.2,0.00414,202.8,Active
358.67,4.026,3.588,59.1,49.7,0.00268,191.9,Inactive
345.99,4.067,3.532,58.6,50.0,0.00404,229.5,Active
328.35,4.034,3.215,64.7,58.3,0.00369,239.1,Active
360.28,4.117,3.547,54.1,47.2,0.00317,184.0,Active
346.56,4.187,3.216,52.4,54.0,0.00483,202.1,Active
345.36,4.008,3.259,69.7,64.3,0.00251,246.6,Active
351.96,4.174,3.382,60.3,54.8,0.00417,189.8,Active
321.5,4.062,3.482,54.0,58.5,0.00492,186.6,Inactive
353.63,4.089,3.547,53.5,58.9,0.0046,246.1,Inactive
354.16,4.099,3.447,67.4,56.4,0.00258,245.2,Inactive
354.48,4.135,3.286,63.2,52.9,0.00413,187.5,Active
352.89,4.2,3.219,69.5,53.1,0.00468,234.8,Inactive
348.35,4.148,3.551,58.1,51.5,0.00417,236.5,Active
358.11,4.16,3.374,66.4,47.4,0.00386,180.4,Active
336.23,4.073,3.358,63.9,52.8,0.00362,196.6,Inactive
338.66,4.045,3.229,62.1,58.4,0.00405,212.4,Active
338.99,4.173,3.408,59.6,45.5,0.00335,206.6,Inactive
339.94,4.116,3.413,62.2,60.3,0.00453,230.3,Inactive
367.78,4.004,3.278,50.2,57.9,0.00475,197.0,Inactive
366.35,4.012,3.574,57.0,47.0,0.00371,198.0,Inactive
334.24,4.061,3.521,60.8,51.2,0.00403,230.1,Inactive
333.63,4.083,3.249,53.6,58.6,0.00295,216.8,Inactive
355.45,4.021,3.427,55.1,64.3,0.00371,236.4,Active
347.51,4.009,3.453,69.0,57.0,0.00455,241.9,Active
331.4,4.042,3.444,58.2,61.8,0.00475,204.7,Inactive
331.84,4.156,3.31,66.5,53.5,0.00417,186.7,Active
351.19,4.09,3.435,53.4,59.7,0.00466,195.2,Active
324.79,4.005,3.457,62.1,55.9,0.00308,207.4,Active
349.72,4.099,3.595,52.7,58.9,0.00351,210.0,Inactive
355.88,4.138,3.597,52.6,47.1,0.00431,220.5,Active
333.71,4.016,3.234,67.9,48.8,0.00331,195.9,Active
337.75,4.014,3.408,51.4,61.0,0.00308,217.8,Inactive
364.0,4.13,3.413,56.5,51.7,0.00417,249.6,Active
353.09,4.112,3.492,59.3,46.2,0.00391,247.0,Active
328.77,4.138,3.28,60.7,46.9,0.00363,232.9,Active
337.38,4.133,3.518,68.5,49.7,0.0035,190.7,Active
369.62,4.185,3.416,66.8,55.4,0.00406,186.2,Active
357.76,4.026,3.53,65.6,59.2,0.00259,201.2,Active
333.16,4.072,3.235,68.7,56.1,0.00326,207.8,Active
342.36,4.12,3.406,68.4,54.9,0.00498,239.6,Inactive
330.43,4.186,3.247,66.3,52.6,0.00469,240.8,Active
360.3,4.158,3.322,51.6,53.1,0.00293,228.6,Active
337.3,4.195,3.456,66.4,47.7,0.00466,244.6,Active
344.35,4.121,3.506,53.5,55.1,0.0035,190.2,Active
338.38,4.014,3.21,52.7,64.3,0.00387,247.6,Inactive
341.62,4.062,3.402,58.8,47.1,0.0041,195.1,Inactive
350.98,4.13,3.261,51.2,60.6,0.00365,184.1,Inactive
369.74,4.012,3.478,69.7,49.8,0.00286,188.5,Active
335.16,4.02,3.477,51.2,55.2,0.00499,237.0,Inactive
350.76,4.061,3.45,60.5,53.5,0.00283,242.1,Active
342.49,4.039,3.347,58.3,61.6,0.00433,233.9,Inactive
320.55,4.083,3.393,50.4,50.2,0.0044,189.6,Inactive
346.77,4.043,3.205,54.8,64.5,0.0045,247.2,Active
344.39,4.022,3.419,59.1,61.9,0.00275,214.2,Inactive
327.5,4.065,3.495,59.5,52.5,0.00349,212.2,Inactive
359.25,4.178,3.582,65.7,51.3,0.00422,210.6,Inactive
332.73,4.168,3.215,68.0,54.2,0.00409,226.2,Active
364.76,4.127,3.446,51.3,55.4,0.00288,231.6,Active
345.61,4.136,3.217,51.7,59.3,0.00268,185.0,Inactive
320.61,4.191,3.495,57.1,50.9,0.00337,234.2,Active
353.07,4.037,3.27,52.0,58.2,0.00441,198.6,Active
321.05,4.016,3.587,55.9,60.4,0.00406,206.7,Active
330.28,4.024,3.446,65.5,57.9,0.00383,182.9,Inactive
368.42,4.16,3.317,69.6,57.0,0.00396,232.4,Active
360.59,4.131,3.251,56.8,63.6,0.00306,206.1,Inactive
341.6,4.088,3.445,68.9,49.8,0.0028,193.8,Active
364.35,4.129,3.314,66.3,62.2,0.00462,244.3,Active
332.61,4.151,3.384,66.8,59.6,0.00444,225.9,Inactive
328.87,4.109,3.594,68.7,45.9,0.00291,189.2,Inactive
356.3,4.164,3.285,60.1,61.8,0.00433,218.0,Active
349.52,4.102,3.319,61.3,58.8,0.00468,224.5,Inactive
358.06,4.032,3.385,50.2,49.9,0.00432,249.4,Inactive
324.96,4.08,3.52,54.1,56.1,0.00433,223.1,Active
329.4,4.071,3.514,61.1,45.1,0.0044,182.5,Inactive
357.29,4.04,3.583,57.4,51.5,0.00287,201.4,Active
363.83,4.199,3.347,59.0,59.4,0.00472,221.5,Active
339.58,4.083,3.478,50.1,57.4,0.00339,235.6,Inactive
324.65,4.118,3.392,62.8,46.3,0.00395,219.3,Active
348.03,4.121,3.471,66.1,50.4,0.00456,214.9,Active
323.85,4.012,3.334,65.7,59.2,0.00447,216.2,Active
342.01,4.029,3.331,58.7,46.8,0.00305,221.9,Inactive
356.78,4.2,3.573,62.9,53.4,0.00409,235.0,Inactive
325.92,4.082,3.536,57.7,56.4,0.00397,192.9,Active
338.11,4.067,3.21,50.5,61.6,0.00318,216.3,Inactive
334.94,4.188,3.304,58.6,62.5,0.0046,193.0,Active
360.13,4.092,3.393,52.7,46.6,0.00432,214.8,Inactive
341.84,4.146,3.506,53.2,57.2,0.00284,232.6,Inactive
352.85,4.191,3.228,51.1,50.6,0.00315,197.3,Inactive
365.31,4.05,3.309,65.2,54.0,0.00444,184.6,Active
344.38,4.007,3.225,68.1,47.8,0.00383,208.8,Active
337.37,4.18,3.209,63.3,64.3,0.0039,245.6,Inactive
322.61,4.084,3.304,64.6,64.6,0.00314,225.8,Inactive
329.9,4.113,3.386,69.4,57.2,0.00337,188.0,Active
327.56,4.045,3.3,67.0,56.2,0.00381,188.0,Active
363.01,4.145,3.227,64.2,55.9,0.0027,212.1,Inactive
344.23,4.033,3.578,67.0,58.4,0.00366,208.8,Active
352.55,4.109,3.225,60.3,61.1,0.00365,183.6,Inactive
359.31,4.04,3.303,53.3,51.6,0.00439,216.4,Active
330.24,4.176,3.552,67.4,49.8,0.00363,248.9,Inactive
358.6,4.005,3.226,59.3,63.2,0.00385,214.8,Inactive
325.27,4.131,3.529,57.6,60.5,0.00491,194.3,Active
346.17,4.057,3.517,61.6,57.7,0.00449,207.7,Active
365.75,4.107,3.263,63.9,60.9,0.00329,240.0,Active
365.31,4.055,3.593,52.8,49.0,0.00296,242.6,Active
352.71,4.03,3.376,62.3,46.7,0.00471,236.3,Active
345.26,4.193,3.367,69.7,58.4,0.00409,191.6,Inactive
364.1,4.085,3.265,50.3,56.2,0.00382,230.4,Active
364.51,4.016,3.493,53.7,62.2,0.00455,217.9,Inactive
355.51,4.063,3.388,66.4,54.2,0.00339,214.6,Active
361.41,4.067,3.27,64.2,61.5,0.00275,196.8,Active
327.1,4.07,3.38,65.0,58.0,0.00405,204.7,Inactive
362.07,4.094,3.592,62.7,47.5,0.00419,202.8,Inactive
354.32,4.014,3.27,67.1,49.5,0.00459,199.5,Active
352.14,4.139,3.405,56.1,49.3,0.00258,201.3,Inactive
352.66,4.188,3.548,65.3,60.8,0.00416,198.2,Active
365.36,4.134,3.424,52.2,53.9,0.00365,240.5,Active
347.33,4.076,3.591,52.2,53.5,0.00261,231.8,Active
365.9,4.056,3.543,55.8,63.2,0.00438,236.3,Inactive
320.9,4.193,3.491,56.1,61.6,0.0032,241.1,Inactive
325.63,4.141,3.416,51.9,49.8,0.00253,212.8,Active
335.06,4.12,3.319,56.0,59.9,0.00262,243.2,Active
362.61,4.134,3.437,67.8,48.7,0.0027,196.8,Active
359.73,4.007,3.433,69.9,62.1,0.0038,184.5,Active
361.57,4.12,3.246,51.9,63.2,0.00417,238.1,Inactive
363.95,4.114,3.407,58.6,51.3,0.00359,234.2,Active
350.1,4.179,3.377,62.1,57.6,0.00398,229.2,Active
331.87,4.102,3.242,57.7,54.8,0.00413,246.5,Inactive
350.03,4.149,3.403,62.7,46.4,0.00314,205.3,Inactive
343.62,4.009,3.256,55.5,64.4,0.00333,213.7,Active
329.8,4.122,3.312,54.1,55.3,0.00251,180.5,Inactive
330.95,4.007,3.243,56.8,61.1,0.00393,215.9,Active
334.67,4.186,3.359,51.7,57.3,0.00278,204.2,Active
345.37,4.175,3.397,64.0,64.9,0.00283,199.2,Inactive
339.73,4.084,3.364,68.2,59.3,0.00402,201.7,Active
361.19,4.191,3.528,50.0,57.7,0.00263,198.0,Inactive
322.98,4.121,3.475,52.3,52.7,0.00364,205.8,Active
326.05,4.084,3.5,51.4,46.6,0.00339,245.9,Active
353.43,4.136,3.345,61.9,45.2,0.00409,243.9,Inactive
350.63,4.175,3.49,52.4,63.0,0.00267,217.4,Inactive
327.11,4.002,3.369,55.9,54.7,0.00394,183.1,Inactive
326.15,4.112,3.337,64.6,58.0,0.00461,228.5,Active
341.5,4.135,3.31,56.1,60.8,0.00362,235.9,Active
361.12,4.172,3.567,58.6,51.4,0.00396,206.0,Active
350.05,4.141,3.475,57.5,48.3,0.00358,190.0,Active
364.5,4.069,3.262,50.5,57.9,0.00409,203.8,Inactive
323.59,4.082,3.324,63.5,57.1,0.00341,195.3,Inactive
369.4,4.091,3.475,52.8,54.7,0.00257,215.4,Inactive
368.2,4.077,3.216,50.6,52.8,0.0029,181.6,Active
357.81,4.092,3.316,68.0,47.3,0.00489,202.0,Inactive
364.42,4.121,3.531,69.7,50.8,0.0049,207.3,Inactive
339.28,4.068,3.417,53.1,56.1,0.00385,233.3,Inactive
361.68,4.088,3.321,55.2,48.9,0.00264,204.0,Inactive
333.51,4.193,3.423,56.9,56.6,0.00285,211.1,Active
351.31,4.098,3.361,69.9,62.6,0.00406,219.9,Active
351.03,4.04,3.358,50.8,54.5,0.00386,195.9,Inactive
368.2,4.182,3.489,60.7,62.4,0.00283,235.3,Active
326.24,4.159,3.31,67.5,63.9,0.00287,212.4,Inactive
369.05,4.097,3.545,61.8,52.5,0.00321,194.2,Active
358.09,4.077,3.405,59.8,56.5,0.00466,248.7,Active
340.38,4.166,3.506,61.5,64.1,0.003,187.6,Inactive
362.7,4.088,3.539,67.9,46.2,0.00471,211.4,Inactive
345.52,4.125,3.571,50.4,54.5,0.00422,230.6,Inactive
354.63,4.027,3.32,57.2,61.1,0.0032,194.7,Inactive
367.87,4.002,3.599,63.5,61.6,0.00324,181.0,Active
356.89,4.167,3.496,52.9,60.1,0.00442,226.1,Inactive
358.31,4.169,3.445,51.8,54.8,0.00269,208.5,Active
340.36,4.013,3.34,52.2,61.2,0.00487,185.1,Inactive
367.76,4.105,3.32,51.5,55.0,0.00449,229.5,Active
322.51,4.015,3.361,55.9,49.6,0.0032,236.2,Inactive
366.46,4.081,3.562,56.4,54.5,0.00307,224.8,Active
368.95,4.121,3.343,63.0,47.5,0.00472,215.2,Active
342.47,4.117,3.45,51.4,58.7,0.0031,230.0,Inactive
361.13,4.161,3.421,60.4,47.9,0.00444,199.0,Inactive
344.83,4.057,3.254,62.6,46.1,0.00437,202.2,Active
320.01,4.102,3.219,55.5,59.1,0.00266,238.8,Inactive
320.19,4.049,3.496,56.3,47.0,0.0034,198.9,Inactive
362.14,4.063,3.516,67.8,53.7,0.00477,206.4,Active
368.2,4.018,3.475,59.9,52.8,0.00408,229.3,Inactive
320.22,4.033,3.485,63.3,64.3,0.0044,246.6,Inactive
355.13,4.06,3.242,65.6,57.9,0.00262,205.2,Inactive
367.84,4.1,3.373,59.2,49.2,0.00342,205.9,Inactive
322.62,4.154,3.367,66.4,62.0,0.00303,226.0,Inactive
343.61,4.176,3.286,63.6,57.2,0.00324,189.6,Inactive
352.58,4.148,3.326,62.9,52.9,0.00428,193.9,Active
364.51,4.057,3.347,51.2,47.2,0.00379,198.7,Active
361.77,4.003,3.352,56.7,45.4,0.00281,209.0,Inactive
344.64,4.081,3.412,61.9,45.2,0.00366,247.4,Inactive
345.95,4.136,3.325,65.5,60.5,0.0038,248.3,Active
326.28,4.003,3.508,66.1,47.4,0.00316,181.2,Inactive
334.67,4.155,3.407,57.0,52.4,0.0025,201.0,Inactive
352.32,4.195,3.539,50.5,63.0,0.00446,234.6,Active
342.9,4.08,3.321,51.3,49.6,0.00312,213.9,Inactive
357.37,4.095,3.223,69.2,63.9,0.00446,249.4,Inactive
347.22,4.193,3.23,57.3,49.5,0.00299,189.9,Active
351.12,4.156,3.431,52.9,61.2,0.00409,207.2,Inactive
353.71,4.052,3.338,68.3,50.8,0.00367,242.3,Inactive
355.39,4.012,3.259,50.2,57.6,0.00362,189.4,Inactive
367.9,4.106,3.297,60.0,58.6,0.00269,199.2,Inactive
360.35,4.092,3.419,58.7,45.9,0.00291,211.2,Inactive
330.46,4.01,3.537,69.6,60.9,0.00463,196.9,Active
368.03,4.039,3.581,69.9,59.2,0.00495,219.9,Inactive
332.98,4.087,3.437,51.5,57.4,0.00495,193.3,Active
359.63,4.182,3.577,69.2,55.4,0.00494,233.0,Active
328.08,4.095,3.487,54.9,57.8,0.00417,191.4,Inactive
348.25,4.154,3.4,50.2,45.2,0.00339,244.8,Inactive
331.43,4.127,3.289,56.4,62.0,0.00432,186.7,Active
341.44,4.006,3.392,63.2,47.4,0.00322,207.8,Active
365.98,4.199,3.218,65.2,52.4,0.00348,232.8,Inactive
365.92,4.19,3.431,57.1,60.8,0.00313,219.5,Active
337.93,4.131,3.296,53.8,63.4,0.00275,215.4,Active
331.04,4.008,3.214,53.5,62.3,0.00321,246.5,Active
349.08,4.087,3.432,60.3,60.2,0.00321,204.7,Active
364.7,4.189,3.557,58.4,60.6,0.00369,214.8,Active
330.23,4.118,3.274,56.6,62.1,0.00302,185.0,Active
323.45,4.188,3.403,58.2,61.2,0.00459,203.3,Inactive
354.68,4.154,3.462,53.0,62.5,0.00385,199.8,Active
341.26,4.008,3.251,65.3,45.0,0.00354,216.6,Inactive
322.73,4.195,3.29,56.1,51.1,0.00308,180.1,Inactive
356.47,4.193,3.29,63.3,59.8,0.00462,209.6,Active
335.15,4.065,3.485,66.3,48.6,0.00343,243.1,Inactive
360.33,4.197,3.502,57.9,56.8,0.00415,185.5,Inactive
347.22,4.142,3.267,65.6,56.7,0.00488,183.0,Inactive
333.27,4.12,3.319,64.3,60.2,0.00276,216.0,Active
345.44,4.074,3.573,66.6,58.9,0.00429,212.3,Active
366.05,4.139,3.492,67.2,50.5,0.00452,193.7,Active
337.27,4.067,3.591,67.1,59.0,0.00432,219.3,Active
367.35,4.099,3.352,53.3,60.7,0.00434,206.9,Inactive
321.26,4.168,3.205,64.1,64.4,0.00359,196.4,Active
355.24,4.163,3.419,69.3,46.0,0.00376,230.3,Active
363.13,4.036,3.52,61.1,52.9,0.00283,240.6,Inactive
327.86,4.062,3.316,67.4,58.5,0.00449,197.5,Active
351.24,4.114,3.533,68.1,45.2,0.00419,183.6,Active
347.44,4.058,3.323,57.1,57.4,0.00334,231.3,Active
340.23,4.014,3.514,55.7,53.7,0.00421,203.3,Inactive
322.83,4.075,3.578,62.8,58.4,0.00408,193.9,Active
340.92,4.15,3.241,55.6,50.5,0.00358,248.6,Inactive
323.38,4.104,3.272,69.4,47.3,0.00351,231.7,Inactive
355.23,4.085,3.339,58.0,50.3,0.00301,213.8,Inactive
333.43,4.057,3.463,69.4,57.1,0.00269,185.3,Inactive
367.57,4.059,3.237,62.0,57.5,0.00412,198.7,Inactive
320.76,4.193,3.3,63.5,59.1,0.00403,201.9,Active
333.55,4.12,3.546,68.9,47.1,0.00289,246.1,Inactive
356.83,4.177,3.281,61.8,59.0,0.0042,208.6,Inactive
320.77,4.117,3.301,59.0,64.2,0.0035,238.8,Inactive
329.43,4.134,3.591,52.0,45.2,0.00358,186.5,Active
357.42,4.183,3.374,55.2,53.7,0.00431,180.6,Inactive
349.47,4.123,3.455,54.8,59.3,0.00273,193.9,Inactive
363.87,4.148,3.205,55.0,49.3,0.00318,197.3,Active
323.13,4.092,3.493,62.1,58.5,0.0027,246.6,Inactive
361.92,4.161,3.529,68.7,55.9,0.003,223.2,Inactive
357.14,4.148,3.409,51.4,52.4,0.0048,220.9,Active
346.92,4.054,3.347,67.9,58.3,0.00447,211.8,Inactive
351.51,4.05,3.482,58.6,53.9,0.00412,245.5,Active
323.2,4.165,3.317,58.9,45.4,0.00325,215.2,Inactive
322.81,4.098,3.571,52.1,60.3,0.00352,225.9,Inactive
333.01,4.032,3.264,51.4,48.7,0.00416,241.7,Inactive
360.71,4.137,3.244,55.8,51.2,0.00312,216.1,Active
346.78,4.071,3.342,66.6,60.8,0.00327,244.0,Active
367.64,4.065,3.342,60.1,63.8,0.00469,187.2,Active
339.64,4.111,3.401,53.9,62.2,0.00419,238.7,Active
362.94,4.15,3.376,62.2,48.2,0.00418,192.5,Inactive
354.7,4.046,3.247,53.3,45.0,0.0043,231.3,Active
345.75,4.032,3.233,50.4,48.3,0.00473,196.9,Active
337.71,4.021,3.289,60.4,57.2,0.00311,184.0,Active
339.55,4.047,3.288,69.2,57.3,0.00389,209.1,Inactive
341.45,4.108,3.479,64.0,48.4,0.00375,208.8,Inactive
363.53,4.126,3.413,52.3,57.1,0.00279,203.6,Inactive
327.14,4.138,3.283,57.8,62.9,0.00301,215.5,Inactive
340.96,4.004,3.517,51.4,54.5,0.0039,224.0,Inactive
354.43,4.051,3.204,64.5,55.7,0.00459,237.5,Active
362.17,4.097,3.333,65.8,54.0,0.00296,239.8,Active
364.13,4.093,3.23,57.8,61.1,0.00475,194.2,Inactive
323.35,4.175,3.356,60.8,64.4,0.00267,225.4,Inactive
323.71,4.075,3.522,58.7,64.9,0.0039,202.5,Active
331.01,4.07,3.349,51.4,52.4,0.00366,230.6,Inactive
352.84,4.142,3.203,54.4,58.2,0.00371,180.4,Inactive
360.22,4.155,3.419,51.3,60.3,0.00396,234.7,Active
357.59,4.161,3.407,52.8,58.4,0.00405,232.0,Inactive
328.49,4.039,3.556,65.0,63.2,0.0044,221.8,Inactive
352.71,4.178,3.432,62.6,48.1,0.00368,230.1,Inactive
333.55,4.04,3.326,54.8,49.3,0.00356,243.5,Inactive
345.35,4.038,3.231,63.9,52.7,0.00455,226.2,Active
359.81,4.054,3.477,55.3,63.8,0.00409,202.7,Inactive
333.48,4.038,3.478,54.4,56.9,0.00316,226.3,Active
360.75,4.156,3.504,53.8,46.8,0.00425,205.8,Inactive
341.62,4.006,3.304,50.7,62.6,0.00311,219.0,Inactive
321.95,4.133,3.329,68.0,62.8,0.00331,243.1,Inactive
369.81,4.165,3.538,55.0,56.5,0.00267,186.6,Active
369.94,4.065,3.499,66.1,62.2,0.00499,196.9,Inactive
322.02,4.082,3.252,50.4,52.2,0.00446,219.6,Inactive
335.64,4.131,3.293,50.3,60.3,0.00406,233.4,Inactive
321.95,4.167,3.448,61.3,57.5,0.00466,221.1,Active
349.05,4.198,3.503,58.8,59.1,0.00347,196.0,Inactive
349.84,4.186,3.572,56.8,55.6,0.00303,249.7,Active
369.06,4.13,3.522,64.3,56.9,0.00263,211.8,Active
353.74,4.136,3.349,68.8,48.3,0.00375,228.4,Inactive
354.86,4.13,3.31,53.1,57.7,0.004,192.6,Active
355.26,4.091,3.467,66.7,48.4,0.00255,234.5,Active
350.48,4.14,3.535,66.1,64.2,0.00384,214.2,Inactive
340.09,4.031,3.429,55.5,63.4,0.00396,221.5,Active
337.75,4.01,3.213,58.5,46.7,0.00402,241.7,Inactive
364.15,4.132,3.284,67.3,62.7,0.00299,231.6,Active
334.33,4.161,3.599,50.6,62.9,0.00406,248.1,Active
343.25,4.169,3.225,56.7,46.3,0.00494,237.2,Inactive
362.63,4.188,3.234,57.7,46.4,0.00303,196.1,Inactive
343.46,4.054,3.24,53.3,47.9,0.00493,233.2,Inactive
368.39,4.088,3.311,66.0,51.5,0.00325,196.3,Active
326.48,4.051,3.342,63.5,46.3,0.00303,236.6,Inactive
327.35,4.069,3.546,53.1,46.7,0.00371,201.2,Inactive
348.17,4.161,3.255,61.6,55.1,0.00286,223.7,Inactive
333.68,4.098,3.233,59.2,51.1,0.00456,184.0,Inactive
340.93,4.092,3.49,61.5,58.3,0.00444,240.4,Inactive
335.69,4.108,3.536,69.8,62.8,0.00343,193.7,Inactive
344.47,4.148,3.397,59.7,61.8,0.0034,240.2,Inactive
340.34,4.066,3.382,65.2,47.5,0.00299,246.6,Active
328.77,4.114,3.432,59.8,57.9,0.00307,218.7,Inactive
338.61,4.132,3.256,61.4,48.7,0.0032,195.3,Active
329.14,4.165,3.314,68.5,64.4,0.00393,190.0,Active
338.73,4.16,3.347,51.7,56.1,0.00461,235.7,Inactive
328.76,4.135,3.288,54.4,62.5,0.00312,198.4,Active
320.03,4.174,3.517,62.5,60.0,0.00288,212.1,Active
337.56,4.019,3.394,68.4,45.8,0.00323,194.5,Active
331.91,4.182,3.387,59.3,60.2,0.00289,214.1,Active
341.5,4.119,3.6,65.4,53.0,0.00457,191.9,Active
321.52,4.041,3.336,60.2,57.3,0.00478,215.7,Active
345.06,4.01,3.214,61.0,53.8,0.0046,191.2,Active
321.25,4.09,3.295,51.0,59.5,0.00278,222.6,Active
334.05,4.035,3.352,66.0,52.8,0.00438,188.8,Active
358.64,4.047,3.471,61.3,63.6,0.00347,184.6,Active
320.96,4.165,3.41,65.5,49.7,0.00336,182.1,Inactive
368.07,4.134,3.573,55.3,57.2,0.0042,202.2,Active
362.41,4.189,3.554,64.8,50.5,0.0032,247.4,Active
320.51,4.143,3.482,62.5,64.8,0.00328,203.8,Inactive
323.95,4.089,3.304,56.9,61.7,0.00484,193.0,Inactive
338.63,4.186,3.225,51.8,48.3,0.00399,190.5,Inactive
368.4,4.089,3.401,54.9,54.4,0.00415,232.6,Active
357.69,4.116,3.562,66.3,60.1,0.00264,180.5,Active
330.62,4.133,3.364,58.0,62.7,0.00474,243.6,Active
335.69,4.138,3.309,53.8,48.7,0.00336,210.1,Inactive
361.55,4.024,3.494,60.6,50.8,0.00373,201.0,Active
349.8,4.087,3.266,52.3,55.9,0.00476,204.1,Active
356.65,4.132,3.573,66.4,56.3,0.00414,242.9,Inactive
339.98,4.065,3.204,66.5,61.0,0.00276,220.4,Inactive
343.2,4.024,3.592,54.3,46.3,0.00399,231.7,Inactive
321.62,4.132,3.413,52.1,48.5,0.00392,200.7,Active
366.92,4.164,3.593,55.2,64.4,0.00358,204.3,Active
322.52,4.011,3.477,59.2,49.5,0.00403,197.7,Active
348.88,4.072,3.529,66.4,54.5,0.00338,205.4,Active
360.29,4.066,3.284,51.7,54.3,0.00371,238.9,Inactive
331.06,4.076,3.523,66.5,52.7,0.00365,201.2,Active
366.63,4.024,3.573,63.7,55.6,0.00258,213.3,Active
340.39,4.032,3.463,69.4,56.2,0.00429,184.8,Inactive
340.88,4.023,3.445,68.8,58.2,0.00269,204.8,Inactive
347.53,4.081,3.533,66.3,57.2,0.00343,197.9,Inactive
325.29,4.071,3.365,63.5,58.2,0.00268,207.7,Active
329.09,4.031,3.531,50.8,53.4,0.00292,241.6,Inactive
347.85,4.046,3.401,64.6,64.2,0.00305,242.0,Active
366.72,4.183,3.454,62.6,53.1,0.00438,217.2,Inactive
353.87,4.086,3.493,66.5,47.9,0.00458,217.8,Inactive
362.23,4.086,3.352,68.3,50.0,0.00461,213.9,Active
345.7,4.062,3.429,56.5,45.8,0.00318,180.4,Inactive
368.92,4.193,3.358,64.6,51.9,0.00418,236.4,Inactive
367.34,4.08,3.513,55.3,64.8,0.00256,222.2,Inactive
352.98,4.138,3.248,68.8,48.6,0.00406,195.6,Active
335.36,4.109,3.367,53.2,48.4,0.00355,233.0,Inactive
364.9,4.017,3.357,52.0,45.3,0.00415,222.2,Active
328.15,4.047,3.209,66.7,64.5,0.00284,196.2,Inactive
363.42,4.185,3.368,51.0,45.8,0.00393,207.5,Inactive
321.43,4.117,3.205,65.7,51.1,0.0026,221.2,Inactive
339.88,4.195,3.418,55.5,59.2,0.00318,243.3,Inactive
338.74,4.11,3.22,58.5,61.6,0.00451,195.7,Inactive
331.3,4.163,3.572,51.9,54.0,0.00334,240.9,Inactive
324.18,4.042,3.501,51.0,54.9,0.00361,203.4,Active
339.73,4.106,3.265,61.4,61.1,0.0044,190.8,Active
327.46,4.054,3.344,58.2,58.6,0.00264,182.4,Inactive
339.6,4.139,3.277,62.8,50.2,0.00472,242.7,Inactive
334.86,4.046,3.365,54.8,58.4,0.00457,227.1,Active
361.22,4.079,3.263,64.8,52.2,0.00418,198.9,Inactive
324.06,4.199,3.262,69.8,64.5,0.00448,226.2,Inactive
348.89,4.173,3.316,59.4,57.4,0.00353,209.9,Inactive
336.51,4.113,3.54,54.0,63.7,0.00422,237.6,Active
347.81,4.156,3.206,66.4,45.8,0.00472,249.4,Inactive
334.7,4.042,3.506,55.1,62.3,0.00276,188.8,Inactive
368.96,4.135,3.539,56.5,58.5,0.00399,222.2,Active
354.13,4.115,3.372,55.5,60.4,0.00307,228.5,Inactive
331.67,4.125,3.499,54.4,46.2,0.00283,222.4,Active
362.47,4.009,3.494,56.8,54.6,0.00482,203.2,Inactive
343.27,4.003,3.233,55.2,45.6,0.00408,209.8,Inactive
347.41,4.035,3.318,63.3,64.3,0.00263,242.3,Inactive
348.84,4.113,3.4,51.4,46.8,0.004,203.9,Inactive
365.86,4.081,3.257,64.3,50.9,0.00381,228.8,Inactive
365.01,4.158,3.471,63.6,63.9,0.00324,180.1,Active
333.6,4.044,3.465,62.7,56.9,0.00254,231.0,Active
336.18,4.133,3.423,56.9,47.7,0.00274,238.2,Active
365.92,4.13,3.241,58.0,59.6,0.00445,188.3,Active
320.0,4.142,3.343,55.1,45.3,0.00385,239.6,Inactive
367.88,4.113,3.406,51.7,56.0,0.00345,222.5,Inactive
339.44,4.048,3.238,56.3,46.9,0.00294,249.1,Active
342.21,4.106,3.549,69.9,56.7,0.00453,202.9,Inactive
335.29,4.081,3.469,63.6,51.3,0.00283,224.3,Inactive
326.42,4.116,3.477,64.0,60.1,0.00468,215.0,Inactive
356.51,4.124,3.275,50.5,50.7,0.00361,223.2,Active
362.5,4.039,3.25,69.3,47.2,0.0037,221.0,Active
347.07,4.017,3.223,52.1,56.7,0.00386,196.4,Inactive
351.89,4.164,3.217,60.0,58.8,0.00313,201.5,Active
350.68,4.18,3.524,61.7,59.6,0.00341,224.9,Inactive
343.31,4.038,3.481,61.1,52.2,0.00478,181.5,Active
335.79,4.011,3.507,64.0,51.6,0.00419,207.7,Inactive
357.81,4.091,3.365,68.7,50.0,0.0028,220.9,Inactive
368.47,4.076,3.225,56.8,55.1,0.0029,226.1,Inactive
369.89,4.09,3.342,58.0,47.3,0.00471,209.0,Inactive
339.36,4.132,3.377,63.0,46.2,0.00453,245.8,Inactive
352.44,4.191,3.261,59.5,57.0,0.00395,208.1,Inactive
336.9,4.025,3.357,53.3,59.7,0.00302,184.1,Inactive
347.62,4.119,3.549,61.5,51.9,0.00451,217.8,Inactive
323.96,4.113,3.563,57.9,50.9,0.00286,190.6,Inactive
341.64,4.119,3.232,68.8,60.1,0.00397,238.0,Inactive
324.01,4.095,3.452,66.6,60.7,0.00319,245.9,Inactive
326.22,4.175,3.588,53.5,59.4,0.0026,208.4,Active
345.81,4.116,3.574,63.4,54.6,0.00452,246.5,Active
321.1,4.197,3.234,66.3,50.6,0.00283,210.8,Active
352.2,4.076,3.222,62.0,63.0,0.00346,195.1,Inactive
342.13,4.01,3.528,66.5,56.8,0.00338,236.0,Active
347.73,4.165,3.453,65.7,57.0,0.00354,247.1,Active
347.06,4.121,3.288,62.5,56.4,0.00296,184.2,Active
350.22,4.153,3.409,54.5,58.3,0.0027,210.9,Active
328.17,4.037,3.281,57.7,46.0,0.00349,215.8,Inactive
344.16,4.077,3.536,52.9,55.1,0.00266,185.0,Inactive
348.69,4.113,3.551,61.2,64.2,0.00262,186.9,Inactive
322.2,4.037,3.417,62.9,45.9,0.00486,239.0,Active
334.83,4.015,3.268,52.5,47.5,0.0038,197.2,Active
337.91,4.198,3.474,69.0,47.9,0.00346,218.8,Inactive
323.84,4.001,3.468,62.8,53.2,0.00372,209.1,Active
321.2,4.067,3.271,52.0,64.1,0.004,231.0,Inactive
335.77,4.079,3.295,51.9,48.6,0.00449,227.4,Active
347.35,4.095,3.569,51.5,50.6,0.00337,234.8,Inactive
369.63,4.048,3.55,66.6,49.5,0.0035,208.7,Active
368.91,4.036,3.52,56.7,59.6,0.00355,220.5,Active
361.63,4.161,3.547,51.2,58.8,0.00285,209.1,Inactive
347.43,4.081,3.408,69.9,47.7,0.00419,207.7,Active
326.65,4.032,3.58,67.6,63.1,0.00498,194.6,Active
337.77,4.134,3.394,58.4,52.2,0.00398,220.3,Inactive
328.07,4.094,3.421,61.4,49.2,0.00436,181.8,Active
337.74,4.156,3.426,55.2,58.9,0.00392,235.7,Inactive
356.75,4.122,3.395,52.7,50.2,0.00355,222.0,Active
345.69,4.058,3.203,59.9,50.7,0.00434,181.7,Active
349.24,4.188,3.27,59.4,46.8,0.00406,218.5,Inactive
340.37,4.104,3.559,53.9,45.5,0.00465,220.4,Inactive
364.53,4.119,3.524,58.6,60.0,0.00478,220.0,Inactive
329.04,4.054,3.279,54.9,51.1,0.00389,221.2,Inactive
341.32,4.123,3.233,51.8,48.4,0.0038,195.0,Inactive
334.16,4.08,3.525,50.3,58.0,0.00417,235.9,Active
366.64,4.004,3.262,67.7,54.2,0.00391,226.4,Active
353.95,4.186,3.599,64.4,50.7,0.0047,183.4,Inactive
331.55,4.179,3.302,54.4,47.8,0.00465,215.0,Inactive
353.74,4.048,3.503,65.2,51.3,0.00353,194.7,Active
368.83,4.129,3.574,56.1,60.6,0.00441,228.4,Active
368.28,4.079,3.252,63.4,59.6,0.00394,194.5,Inactive
345.22,4.062,3.371,62.9,59.9,0.00308,208.4,Inactive
333.46,4.04,3.513,68.2,52.4,0.00438,242.8,Active
362.31,4.037,3.583,57.5,51.8,0.00266,214.0,Active
325.45,4.05,3.327,66.2,62.5,0.00326,240.1,Active
362.86,4.153,3.259,63.8,63.9,0.00421,203.2,Active
345.03,4.129,3.404,52.4,51.2,0.00451,240.3,Inactive
326.87,4.19,3.332,63.2,60.0,0.00453,246.2,Active
335.65,4.172,3.253,64.1,59.8,0.00419,197.7,Active
363.65,4.034,3.221,64.3,54.5,0.00462,206.8,Active
328.41,4.167,3.42,53.8,59.4,0.00378,222.3,Inactive
343.04,4.166,3.532,64.2,47.1,0.0046,227.0,Active
354.85,4.073,3.552,64.5,47.3,0.00352,242.0,Inactive
322.36,4.192,3.472,62.6,50.4,0.00312,245.9,Inactive
334.91,4.155,3.357,52.8,45.2,0.00386,248.3,Inactive
338.46,4.071,3.338,60.4,53.8,0.0047,215.4,Inactive
345.39,4.028,3.593,55.0,46.5,0.00416,221.7,Inactive
340.76,4.084,3.514,53.9,61.4,0.00412,209.3,Inactive
342.9,4.051,3.501,60.3,51.4,0.00399,249.7,Active
341.76,4.184,3.338,51.1,49.1,0.00355,195.4,Active
320.01,4.183,3.538,64.8,48.4,0.0028,184.7,Active
356.2,4.186,3.372,52.4,55.2,0.00337,206.2,Active
351.07,4.144,3.244,50.7,64.9,0.00308,183.8,Inactive
329.49,4.008,3.357,66.0,51.8,0.00361,227.3,Active
345.44,4.172,3.546,50.2,60.6,0.00365,249.2,Active
344.16,4.197,3.502,55.0,55.8,0.00498,240.0,Active
324.87,4.141,3.338,50.1,53.1,0.00309,237.3,Active
336.87,4.166,3.2,56.2,49.8,0.00308,184.8,Active
329.36,4.111,3.317,58.3,52.5,0.00469,243.4,Active
344.65,4.066,3.243,69.1,46.2,0.00324,200.9,Active
336.02,4.033,3.513,52.4,57.7,0.00281,184.9,Inactive
365.47,4.038,3.529,60.9,46.6,0.00489,197.3,Inactive
362.98,4.034,3.542,50.3,55.2,0.00442,245.4,Inactive
365.46,4.164,3.555,54.0,50.7,0.00322,206.4,Inactive
339.67,4.109,3.264,63.8,48.4,0.00328,215.2,Active
359.82,4.148,3.458,53.1,55.9,0.00272,206.4,Active
340.68,4.008,3.31,69.1,64.1,0.00338,183.0,Inactive
328.95,4.078,3.579,52.8,60.3,0.00277,248.7,Inactive
339.08,4.155,3.337,62.6,48.8,0.00287,245.7,Inactive
365.88,4.177,3.45,66.2,46.4,0.00334,202.0,Active
351.78,4.071,3.259,61.9,61.3,0.00346,189.3,Active
329.83,4.047,3.32,62.9,57.0,0.00424,205.4,Inactive
361.2,4.041,3.388,66.0,48.6,0.00277,241.9,Active
337.15,4.137,3.21,63.8,51.3,0.00264,222.7,Inactive
332.04,4.077,3.232,52.9,51.0,0.00272,243.8,Active
320.3,4.097,3.249,56.2,63.5,0.0029,247.6,Active
330.29,4.148,3.419,67.7,56.1,0.00384,193.7,Active
328.31,4.183,3.331,57.4,60.2,0.00335,246.6,Inactive
356.9,4.119,3.552,51.0,50.1,0.00366,195.9,Active
357.2,4.184,3.37,56.8,64.2,0.00361,214.2,Active
337.58,4.182,3.428,65.2,61.2,0.00335,210.4,Active
362.42,4.073,3.518,68.8,57.5,0.00435,236.4,Active
362.25,4.079,3.221,58.0,58.5,0.00363,232.4,Inactive
337.85,4.127,3.275,65.0,55.9,0.00301,200.4,Inactive
357.43,4.097,3.286,69.3,59.3,0.00489,209.9,Inactive
343.76,4.18,3.41,64.1,50.0,0.00362,188.6,Active
330.3,4.0,3.216,69.5,49.8,0.00416,238.7,Inactive
347.53,4.031,3.491,62.0,59.6,0.00442,248.3,Inactive
348.68,4.068,3.459,51.4,62.9,0.0028,202.9,Inactive
360.79,4.119,3.357,59.5,62.1,0.00335,240.9,Inactive
324.41,4.155,3.539,53.6,53.6,0.00291,229.5,Inactive
346.77,4.127,3.279,54.2,45.8,0.00331,219.2,Inactive
362.9,4.133,3.374,69.1,59.4,0.00483,216.9,Active
332.95,4.011,3.49,52.4,51.1,0.00383,219.5,Active
350.03,4.033,3.352,62.3,64.4,0.00432,244.6,Inactive
358.11,4.118,3.277,63.3,57.5,0.00401,214.3,Inactive
346.43,4.067,3.408,54.0,61.1,0.00296,185.9,Inactive
341.81,4.132,3.375,55.5,56.2,0.00337,245.3,Active
366.13,4.1,3.331,64.7,45.7,0.00369,203.5,Active
366.03,4.002,3.421,64.8,54.7,0.00271,248.1,Active
345.9,4.123,3.295,59.7,53.6,0.00269,187.4,Active
361.87,4.048,3.278,60.1,60.4,0.00265,220.4,Inactive
325.96,4.007,3.221,66.7,47.4,0.00261,210.7,Active
362.2,4.052,3.369,50.8,54.0,0.00394,220.0,Active
336.62,4.063,3.243,57.3,47.0,0.00442,247.6,Inactive
368.5,4.173,3.44,64.0,50.7,0.00408,211.9,Inactive
344.1,4.152,3.313,56.4,63.5,0.00264,214.0,Inactive
365.64,4.122,3.419,55.0,51.9,0.00463,219.1,Active
345.74,4.02,3.206,69.3,52.5,0.00401,185.6,Inactive
354.16,4.187,3.43,52.5,56.6,0.00442,208.4,Inactive
363.99,4.13,3.56,62.5,47.6,0.00327,194.1,Active
365.44,4.152,3.471,56.0,48.7,0.00439,213.2,Inactive
331.29,4.123,3.216,56.5,54.4,0.00287,248.9,Inactive
330.45,4.026,3.281,65.4,53.5,0.00391,181.5,Inactive
321.72,4.089,3.527,67.7,46.7,0.00385,243.9,Inactive
339.4,4.166,3.253,68.7,60.0,0.00485,227.4,Inactive
338.17,4.188,3.31,56.6,59.0,0.00441,245.1,Active
330.24,4.16,3.495,51.3,52.7,0.00321,201.3,Active
369.15,4.129,3.487,69.5,52.5,0.0045,210.4,Inactive
363.48,4.036,3.579,54.4,51.5,0.00439,207.6,Inactive
350.41,4.089,3.497,54.6,46.2,0.00325,213.2,Inactive
328.4,4.071,3.36,51.1,56.7,0.00471,190.6,Inactive
349.89,4.133,3.368,64.0,53.2,0.00376,180.5,Inactive
354.59,4.132,3.215,57.4,64.6,0.00355,215.1,Active
365.5,4.143,3.433,66.0,62.3,0.00364,213.3,Inactive
339.3,4.193,3.479,51.7,62.3,0.0037,184.8,Active
347.49,4.083,3.551,54.1,61.5,0.00389,183.8,Inactive
368.59,4.103,3.316,59.4,62.2,0.00326,193.5,Inactive
326.45,4.06,3.512,59.4,49.5,0.00292,203.3,Inactive
367.0,4.069,3.595,59.7,48.6,0.00473,212.2,Active
355.48,4.197,3.22,51.9,59.4,0.0032,192.9,Inactive
321.97,4.004,3.51,52.7,54.4,0.00401,210.0,Active
321.36,4.157,3.204,65.2,62.9,0.00358,217.5,Inactive
343.85,4.078,3.555,67.9,51.7,0.00404,244.9,Inactive
368.1,4.102,3.381,55.6,64.2,0.00286,220.6,Active
334.13,4.056,3.362,70.0,46.1,0.00395,185.8,Active
327.73,4.088,3.404,55.2,51.3,0.00272,201.2,Inactive
368.33,4.189,3.334,61.4,63.2,0.00252,236.7,Inactive
367.42,4.018,3.265,69.2,55.8,0.00254,198.0,Inactive
342.5,4.139,3.493,69.9,50.8,0.00385,217.3,Active
340.28,4.034,3.591,67.1,55.0,0.00401,195.9,Active
347.19,4.139,3.406,69.8,57.2,0.00343,234.1,Inactive
328.52,4.077,3.339,58.6,60.6,0.00371,235.6,Active
348.82,4.068,3.524,54.8,49.5,0.00376,198.3,Inactive
320.45,4.13,3.404,58.9,64.3,0.00393,240.4,Inactive
326.97,4.114,3.547,61.7,59.4,0.00343,186.5,Inactive
342.9,4.079,3.547,54.9,64.3,0.0049,197.3,Active
337.4,4.179,3.587,58.9,51.4,0.00382,228.1,Active
333.67,4.147,3.221,51.0,52.7,0.00338,202.1,Active
344.55,4.064,3.277,56.2,64.5,0.00353,211.1,Active
348.83,4.197,3.297,63.6,59.3,0.00402,186.2,Inactive
353.84,4.013,3.438,64.8,49.2,0.0046,182.1,Active
362.19,4.092,3.287,52.7,64.1,0.00268,193.9,Inactive
337.39,4.124,3.418,52.5,50.8,0.0031,194.9,Active
340.56,4.141,3.287,57.3,52.8,0.00494,246.8,Active
360.01,4.048,3.227,56.3,50.3,0.00376,234.4,Active
362.92,4.169,3.344,63.7,51.3,0.00265,229.1,Inactive
320.49,4.082,3.332,63.9,60.3,0.00326,236.8,Active
334.7,4.089,3.491,63.9,64.7,0.00306,226.4,Active
350.48,4.183,3.263,65.0,56.4,0.00319,213.2,Inactive
336.69,4.116,3.556,61.4,57.6,0.0038,183.6,Inactive
331.64,4.098,3.324,53.6,55.1,0.00331,198.1,Inactive
343.2,4.027,3.571,67.4,59.2,0.00277,234.3,Inactive
360.4,4.154,3.246,62.9,61.7,0.00394,225.2,Inactive
342.92,4.106,3.214,62.8,46.6,0.00359,200.5,Inactive
347.27,4.027,3.477,65.9,48.3,0.00276,190.2,Active
363.86,4.106,3.387,52.1,58.0,0.00467,238.0,Inactive
351.3,4.015,3.245,51.0,50.1,0.00284,198.2,Active
339.25,4.189,3.444,66.7,59.2,0.00278,231.5,Inactive
333.75,4.128,3.336,70.0,50.3,0.0032,245.1,Active
321.23,4.139,3.49,66.7,64.5,0.00494,184.6,Active
361.09,4.129,3.459,52.6,58.0,0.00496,243.8,Active
341.96,4.008,3.345,66.5,59.0,0.00365,183.9,Inactive
341.34,4.094,3.571,62.8,51.2,0.00381,184.6,Inactive
368.63,4.072,3.391,57.1,58.7,0.00416,230.1,Inactive
333.41,4.063,3.25,63.1,45.8,0.00399,240.9,Inactive
364.54,4.09,3.384,51.5,58.4,0.00455,197.1,Active
341.07,4.168,3.551,54.9,56.0,0.00298,187.1,Inactive
365.56,4.164,3.504,51.0,61.9,0.0036,204.0,Inactive
347.32,4.018,3.503,61.6,48.7,0.00297,192.9,Inactive
322.85,4.118,3.536,50.3,46.0,0.00393,237.4,Active
336.34,4.07,3.439,55.5,45.5,0.00434,223.8,Inactive
349.04,4.148,3.47,54.1,52.0,0.00282,189.1,Inactive
353.81,4.172,3.585,62.6,48.7,0.00276,236.9,Inactive
348.94,4.124,3.513,64.1,61.7,0.00264,232.3,Inactive
362.54,4.057,3.456,56.3,64.2,0.00258,220.6,Inactive
328.33,4.142,3.27,54.7,54.9,0.00479,194.8,Inactive
327.21,4.152,3.4,68.2,47.9,0.00411,196.3,Inactive
327.84,4.137,3.437,65.1,51.2,0.00362,208.4,Active
369.2,4.058,3.318,57.1,56.3,0.00313,244.1,Active
333.28,4.179,3.241,63.1,63.1,0.00292,247.8,Inactive
342.64,4.189,3.471,56.0,48.8,0.00326,186.5,Active
327.19,4.021,3.369,65.9,47.8,0.00283,225.0,Inactive
329.86,4.02,3.267,68.5,61.4,0.00339,225.9,Active
346.86,4.135,3.473,62.6,50.3,0.0026,211.9,Inactive
364.55,4.114,3.533,69.8,48.3,0.00423,227.2,Inactive
369.0,4.197,3.475,54.9,61.0,0.00277,234.6,Inactive
365.51,4.077,3.452,58.6,53.8,0.00328,233.3,Inactive
366.81,4.188,3.27,67.5,59.7,0.00313,184.7,Active
333.4,4.182,3.453,64.4,50.1,0.0043,182.0,Inactive
338.77,4.125,3.258,66.5,49.7,0.00413,208.4,Active
349.8,4.021,3.207,68.2,50.4,0.00455,250.0,Active
330.57,4.053,3.465,69.3,63.3,0.00376,235.7,Inactive
326.79,4.195,3.586,53.3,51.0,0.00275,199.0,Active
360.8,4.076,3.235,56.8,64.6,0.00407,209.1,Inactive
328.33,4.197,3.528,55.6,46.4,0.00264,188.4,Active
349.04,4.186,3.399,66.9,53.9,0.00427,231.2,Inactive
328.7,4.072,3.455,51.4,52.2,0.00384,249.7,Active
343.73,4.163,3.373,65.9,56.9,0.00472,208.8,Active
350.22,4.126,3.367,52.9,46.9,0.00254,241.1,Inactive
331.82,4.042,3.494,56.4,55.1,0.00291,247.2,Active
362.58,4.173,3.363,65.2,47.9,0.00252,181.4,Active
349.33,4.091,3.407,50.1,53.5,0.0043,211.0,Inactive
356.61,4.047,3.525,61.8,49.2,0.00309,224.0,Inactive
361.5,4.083,3.303,67.3,58.4,0.00362,214.2,Inactive
330.21,4.125,3.343,69.9,54.6,0.00371,219.6,Inactive
365.84,4.16,3.38,64.4,56.7,0.00373,193.5,Active
343.2,4.049,3.566,56.7,64.0,0.00383,224.2,Inactive
347.15,4.026,3.35,52.0,57.5,0.00362,234.5,Inactive
331.02,4.033,3.363,68.5,59.2,0.00355,216.2,Inactive
324.21,4.197,3.467,55.7,56.7,0.00277,247.6,Inactive
328.74,4.13,3.298,64.4,60.5,0.00418,223.0,Active
364.62,4.016,3.332,55.0,64.8,0.00347,231.3,Active
354.24,4.042,3.296,55.6,53.2,0.00309,181.4,Active
363.97,4.193,3.337,56.8,45.1,0.0042,237.8,Inactive
327.33,4.032,3.516,62.3,45.9,0.00406,201.6,Active
338.44,4.154,3.524,58.0,63.9,0.00352,234.0,Active
344.19,4.18,3.563,51.7,63.7,0.00456,235.4,Inactive
330.05,4.161,3.54,55.8,64.0,0.00262,190.5,Active
346.88,4.115,3.458,50.3,64.2,0.00261,190.0,Active
320.7,4.113,3.573,63.3,61.5,0.00253,217.9,Inactive
342.98,4.1,3.229,63.7,55.1,0.00441,214.0,Active
327.47,4.13,3.269,67.4,57.3,0.00289,247.4,Inactive
345.92,4.015,3.451,55.1,61.1,0.00454,248.5,Active
345.09,4.091,3.501,52.6,55.9,0.00387,186.3,Active
340.9,4.171,3.542,52.0,46.8,0.00316,241.2,Inactive
326.45,4.144,3.24,62.5,52.1,0.00447,196.4,Active
351.96,4.047,3.485,67.5,47.5,0.00467,221.6,Inactive
326.36,4.086,3.264,64.0,60.2,0.00276,215.4,Inactive
360.73,4.187,3.405,69.0,55.7,0.00349,239.4,Inactive
344.65,4.094,3.396,66.9,61.6,0.00351,203.3,Inactive
344.6,4.115,3.295,65.9,54.7,0.00334,187.5,Active
331.94,4.19,3.322,53.4,54.2,0.00327,182.5,Active
336.16,4.109,3.421,57.1,53.9,0.00491,206.4,Inactive
332.91,4.049,3.383,65.2,49.1,0.00427,181.5,Active
340.95,4.155,3.335,61.3,49.1,0.00435,183.7,Active
362.63,4.04,3.55,57.1,59.5,0.0033,243.4,Active
326.33,4.036,3.397,51.6,48.9,0.00486,248.4,Active
338.81,4.185,3.418,55.4,59.0,0.00415,249.2,Inactive
333.25,4.134,3.221,52.3,45.1,0.005,236.2,Active
359.34,4.102,3.32,53.0,50.7,0.00344,232.9,Inactive
346.98,4.015,3.207,52.0,53.2,0.00483,224.6,Active
360.09,4.093,3.345,52.2,62.5,0.00446,191.8,Active
345.61,4.097,3.45,68.9,56.6,0.00385,183.5,Inactive
323.15,4.037,3.213,64.9,59.5,0.00284,238.5,Inactive
327.74,4.06,3.3,57.4,50.1,0.00372,208.5,Inactive
369.33,4.011,3.257,51.1,57.5,0.00264,238.6,Inactive
345.6,4.105,3.425,53.4,49.0,0.0033,221.5,Active
330.51,4.023,3.588,50.4,61.1,0.00447,200.8,Inactive
326.78,4.029,3.479,62.9,60.7,0.00484,228.4,Inactive
327.79,4.049,3.537,54.2,46.5,0.00426,208.2,Active
366.0,4.13,3.236,69.0,50.2,0.00334,208.2,Active
322.56,4.099,3.249,58.0,52.0,0.00443,236.2,Inactive
327.67,4.073,3.349,53.0,61.0,0.00427,193.3,Inactive
338.34,4.021,3.451,52.4,64.7,0.00445,207.3,Inactive
348.93,4.182,3.422,53.5,52.6,0.00461,225.1,Inactive
352.54,4.173,3.558,68.4,46.9,0.00386,231.8,Inactive
357.85,4.121,3.267,65.9,59.4,0.00272,212.5,Inactive
328.7,4.067,3.207,58.0,56.0,0.00405,226.4,Inactive
361.81,4.043,3.248,67.0,48.1,0.00494,239.0,Active
345.04,4.196,3.239,56.1,57.8,0.00338,245.0,Inactive
323.28,4.11,3.436,63.1,50.1,0.00341,239.1,Inactive
329.75,4.165,3.425,65.2,59.3,0.00302,219.8,Active
363.39,4.086,3.587,59.0,47.9,0.00347,246.6,Active
335.99,4.174,3.553,57.0,46.7,0.00431,201.8,Inactive
359.15,4.089,3.394,65.6,52.6,0.00361,206.3,Inactive
338.37,4.105,3.524,57.2,55.5,0.00418,198.9,Inactive
333.88,4.187,3.489,61.5,58.0,0.00257,223.3,Inactive
345.48,4.109,3.344,51.6,48.9,0.00488,208.6,Active
343.33,4.011,3.215,64.3,55.8,0.00377,197.0,Inactive
357.24,4.034,3.276,59.2,50.7,0.00312,225.2,Inactive
352.55,4.165,3.367,51.5,50.5,0.00495,221.7,Active
355.49,4.001,3.407,50.8,56.4,0.0048,247.8,Active
347.03,4.092,3.578,63.5,46.3,0.00366,196.8,Inactive
343.49,4.091,3.433,57.1,48.3,0.00376,238.1,Inactive
353.2,4.068,3.574,68.2,49.2,0.0026,231.9,Active
361.38,4.194,3.556,62.0,55.6,0.00257,197.3,Inactive
342.98,4.126,3.423,64.9,50.6,0.00391,186.2,Active
340.68,4.15,3.477,69.8,50.6,0.00375,203.1,Active
342.03,4.171,3.474,67.6,49.1,0.00468,184.2,Inactive
364.43,4.066,3.326,60.2,63.8,0.00262,204.7,Active
362.83,4.079,3.28,58.5,52.7,0.00479,233.3,Active
345.26,4.198,3.386,51.2,50.2,0.00359,191.0,Active
367.38,4.153,3.307,61.8,59.4,0.00485,241.7,Inactive
345.76,4.155,3.425,61.1,47.3,0.00282,217.1,Inactive
333.44,4.004,3.489,50.6,56.9,0.00385,247.8,Active
344.21,4.013,3.421,66.8,64.9,0.00358,202.4,Inactive
365.33,4.038,3.446,58.1,45.8,0.00337,198.6,Active
354.3,4.19,3.307,66.2,46.1,0.00385,184.9,Active
366.7,4.153,3.463,66.5,58.0,0.00492,230.0,Inactive
366.23,4.103,3.247,60.6,47.5,0.00398,213.8,Inactive
351.13,4.002,3.278,59.8,64.0,0.00346,209.7,Inactive
355.73,4.121,3.32,58.2,49.4,0.00492,189.1,Active
338.59,4.005,3.289,65.6,49.0,0.0027,213.2,Active
320.5,4.017,3.523,65.4,63.3,0.00464,227.8,Active
322.62,4.157,3.538,66.0,55.2,0.00308,239.2,Inactive
356.36,4.196,3.262,54.5,49.2,0.00448,193.1,Inactive
323.33,4.2,3.21,66.7,52.3,0.0046,218.8,Active
365.08,4.185,3.204,51.5,50.0,0.00417,242.2,Inactive
343.0,4.121,3.275,66.1,64.3,0.00317,214.6,Inactive
324.31,4.112,3.401,52.9,53.8,0.00334,216.5,Inactive
349.28,4.002,3.504,64.3,52.3,0.00263,232.8,Inactive
367.76,4.048,3.329,53.7,56.5,0.00289,204.9,Active
354.85,4.112,3.355,58.4,56.2,0.00251,185.5,Inactive
364.06,4.016,3.483,68.4,50.4,0.00343,219.8,Active
364.09,4.188,3.496,51.7,58.4,0.00353,212.9,Active
322.46,4.038,3.516,59.1,51.0,0.00346,239.8,Active
357.45,4.054,3.247,55.0,63.4,0.00395,217.3,Inactive
349.82,4.073,3.523,60.5,47.3,0.00282,217.6,Inactive
366.83,4.062,3.548,65.3,50.0,0.00259,187.1,Active
356.42,4.04,3.349,60.0,59.5,0.00278,208.4,Inactive
344.25,4.108,3.527,53.4,61.2,0.00423,218.9,Active
354.98,4.082,3.255,63.3,55.5,0.0041,203.7,Inactive
365.34,4.117,3.234,59.0,60.1,0.00449,214.6,Active
364.74,4.054,3.364,68.0,62.9,0.00421,240.1,Inactive
324.44,4.173,3.328,53.6,49.8,0.00354,197.6,Inactive
336.03,4.027,3.318,61.4,53.8,0.00337,232.3,Inactive
364.68,4.151,3.333,64.9,48.0,0.00283,204.2,Inactive
360.39,4.049,3.225,52.6,62.2,0.00408,197.7,Inactive
347.76,4.106,3.462,54.7,62.3,0.00327,228.6,Active
320.81,4.075,3.341,60.9,46.5,0.00448,195.2,Active
353.85,4.161,3.425,64.8,58.2,0.00339,236.6,Inactive
334.74,4.114,3.498,57.6,51.1,0.00365,237.3,Active
366.5,4.109,3.465,68.1,47.0,0.00308,229.6,Inactive
361.19,4.171,3.366,51.8,53.8,0.00308,200.4,Active
358.61,4.015,3.531,58.6,56.9,0.00272,203.6,Active
324.49,4.192,3.523,59.2,49.5,0.00483,204.1,Inactive
328.05,4.113,3.578,50.1,49.8,0.00485,192.0,Inactive
325.66,4.114,3.545,59.5,64.9,0.0042,185.2,Inactive
369.64,4.082,3.315,61.2,51.1,0.00272,180.1,Active
342.48,4.167,3.429,70.0,50.7,0.0032,191.2,Active
328.2,4.057,3.517,68.1,64.5,0.00308,241.7,Active
336.41,4.023,3.548,62.7,48.3,0.00357,200.1,Active
356.84,4.091,3.596,51.1,52.1,0.0037,215.2,Inactive
335.8,4.146,3.55,68.8,61.1,0.00463,218.5,Inactive
361.29,4.061,3.359,56.3,54.3,0.00321,247.3,Active
335.64,4.02,3.411,51.1,47.2,0.00305,212.5,Active
341.66,4.16,3.496,58.5,51.7,0.00329,234.2,Active
322.6,4.003,3.518,59.5,47.6,0.00309,245.3,Active
362.98,4.142,3.393,60.4,64.5,0.00491,195.1,Inactive
360.56,4.039,3.285,63.5,53.1,0.00483,186.2,Inactive
345.58,4.184,3.562,53.1,52.3,0.00405,191.2,Inactive
368.4,4.183,3.267,52.4,46.7,0.00477,193.6,Inactive
340.81,4.09,3.44,51.4,49.5,0.00483,243.6,Active
359.06,4.004,3.331,62.6,50.5,0.00477,224.4,Inactive
323.6,4.182,3.583,51.6,55.6,0.00326,207.5,Active
328.98,4.116,3.583,60.1,46.7,0.00405,203.8,Inactive
362.8,4.087,3.277,53.8,60.4,0.00316,233.7,Inactive
330.29,4.064,3.386,68.9,63.6,0.00302,205.1,Inactive
327.47,4.102,3.384,68.0,63.6,0.00346,214.4,Active
364.81,4.161,3.201,56.4,53.4,0.00307,194.0,Inactive
321.89,4.129,3.305,51.0,49.6,0.0045,239.6,Active
344.15,4.083,3.591,54.0,49.3,0.00323,192.1,Inactive
338.97,4.182,3.446,58.2,63.7,0.00262,194.7,Inactive
348.29,4.123,3.216,58.1,58.0,0.00425,224.7,Active
336.03,4.019,3.371,52.6,64.0,0.00369,202.2,Inactive
358.32,4.1,3.324,66.2,62.3,0.00418,183.3,Active
348.32,4.153,3.255,54.6,62.6,0.00255,232.7,Inactive
343.69,4.089,3.203,66.4,52.2,0.00385,227.4,Inactive
355.13,4.191,3.413,58.0,64.1,0.00411,200.9,Active
326.32,4.169,3.345,63.2,54.4,0.003,222.1,Inactive
323.03,4.083,3.419,58.7,60.0,0.00457,234.0,Inactive
321.94,4.039,3.415,68.7,61.7,0.00461,201.2,Active
341.47,4.094,3.263,50.6,63.9,0.0031,196.8,Active
324.17,4.186,3.432,63.3,63.2,0.00336,223.5,Inactive
321.94,4.037,3.532,65.3,52.0,0.00344,217.3,Active
320.01,4.048,3.283,55.0,61.1,0.0032,193.4,Active
345.21,4.173,3.297,51.6,52.1,0.00437,218.5,Active
360.84,4.192,3.517,62.1,54.9,0.0026,248.9,Active
339.17,4.03,3.467,55.7,56.7,0.00397,211.2,Inactive
361.81,4.053,3.379,60.8,58.3,0.00446,207.6,Active
352.3,4.03,3.573,57.7,59.6,0.00255,194.4,Active
344.35,4.176,3.411,68.6,54.7,0.00373,188.4,Active
360.13,4.049,3.56,68.2,63.9,0.0038,227.4,Active
358.93,4.026,3.44,50.7,55.0,0.00289,192.8,Active
338.25,4.086,3.449,51.5,55.1,0.00296,220.2,Active
351.87,4.111,3.495,56.7,60.3,0.00358,213.9,Active
352.41,4.004,3.462,62.4,51.2,0.00271,186.4,Inactive
366.16,4.138,3.251,57.1,56.8,0.00459,183.1,Active
331.83,4.178,3.204,54.0,64.2,0.00403,198.3,Active
323.35,4.006,3.298,67.6,53.3,0.0043,244.3,Inactive
340.4,4.038,3.407,68.2,61.1,0.00266,228.5,Active
348.59,4.181,3.249,60.7,62.6,0.00353,213.7,Active
323.52,4.056,3.33,68.9,50.7,0.00365,227.0,Inactive
328.11,4.097,3.495,67.3,57.5,0.00417,188.8,Active
367.29,4.027,3.51,55.3,63.7,0.0043,232.8,Active
330.95,4.089,3.447,65.4,47.1,0.00491,242.3,Active
333.52,4.165,3.407,59.2,51.3,0.00395,231.1,Active
340.55,4.126,3.48,64.2,46.0,0.00465,212.1,Active
333.12,4.048,3.393,67.7,52.6,0.00437,186.8,Inactive
343.8,4.198,3.508,54.2,55.0,0.00308,208.7,Active
359.0,4.154,3.291,68.4,56.9,0.00345,215.1,Inactive
350.25,4.112,3.395,60.1,48.5,0.00453,217.9,Active
326.55,4.153,3.573,68.9,52.4,0.00284,216.3,Active
325.63,4.187,3.273,55.1,53.1,0.00346,235.6,Inactive
342.82,4.034,3.307,60.2,47.9,0.00403,219.6,Active
355.74,4.188,3.565,68.9,49.9,0.00283,201.2,Active
364.75,4.194,3.544,52.2,63.9,0.00356,180.7,Inactive
342.12,4.009,3.418,56.8,54.5,0.00403,240.8,Active
353.1,4.087,3.528,68.1,47.4,0.00383,199.9,Active
322.35,4.134,3.545,53.3,61.2,0.00463,244.0,Inactive
333.26,4.181,3.328,61.0,46.0,0.00261,230.4,Inactive
342.22,4.051,3.276,63.4,45.0,0.00451,185.5,Inactive
329.57,4.077,3.394,57.1,51.4,0.00491,224.9,Active
321.17,4.086,3.55,56.0,46.9,0.0044,222.4,Inactive
348.52,4.011,3.256,62.5,49.2,0.00376,218.1,Active
334.18,4.19,3.537,64.4,46.6,0.00277,214.5,Active
328.04,4.196,3.263,59.7,52.3,0.0041,189.0,Inactive
341.52,4.055,3.555,50.8,63.3,0.00458,200.8,Inactive
359.46,4.006,3.587,60.5,51.1,0.00341,184.6,Active
369.47,4.008,3.462,58.9,64.0,0.00311,217.2,Active
344.12,4.141,3.227,53.9,49.3,0.00435,193.2,Inactive
348.67,4.043,3.545,68.8,55.4,0.00338,196.4,Inactive
322.49,4.054,3.462,60.7,63.9,0.00349,228.6,Inactive
344.47,4.103,3.307,59.1,54.4,0.00427,245.8,Active
336.47,4.008,3.399,60.9,48.4,0.0044,248.9,Inactive
367.29,4.039,3.55,64.1,54.1,0.00385,239.5,Inactive
344.01,4.075,3.397,61.6,48.8,0.00475,227.2,Active
351.66,4.02,3.442,52.4,46.6,0.00382,208.2,Active
349.44,4.018,3.372,53.5,64.7,0.0039,228.1,Inactive
336.27,4.019,3.59,55.7,53.5,0.00412,181.7,Active
360.51,4.107,3.311,51.2,48.2,0.00474,228.0,Active
332.5,4.013,3.476,61.4,53.1,0.00341,195.2,Active
353.48,4.194,3.27,61.9,53.5,0.00362,197.8,Inactive
361.26,4.097,3.417,56.1,48.6,0.00271,230.0,Inactive
329.81,4.138,3.356,58.3,54.4,0.00342,187.0,Inactive
335.48,4.133,3.466,55.7,54.2,0.00298,194.7,Inactive
321.15,4.179,3.284,54.6,50.6,0.00282,224.7,Inactive
323.76,4.027,3.458,56.8,59.2,0.00389,197.9,Inactive
352.54,4.023,3.415,58.7,50.4,0.00401,241.0,Active
369.95,4.122,3.362,54.5,50.1,0.0037,205.7,Active
365.69,4.074,3.349,57.7,61.7,0.00413,223.0,Active
336.71,4.164,3.215,67.4,55.3,0.0035,214.8,Inactive
353.37,4.003,3.549,58.9,51.9,0.00285,210.8,Inactive
344.82,4.081,3.471,58.4,64.2,0.004,236.5,Active
325.47,4.079,3.335,61.4,62.2,0.0027,185.1,Inactive
362.52,4.043,3.468,60.9,61.7,0.00281,189.1,Inactive
347.84,4.189,3.366,56.5,57.1,0.00483,238.6,Inactive
369.77,4.005,3.245,62.2,61.4,0.00321,196.7,Inactive
359.35,4.011,3.348,60.1,56.2,0.00432,204.8,Inactive
350.63,4.117,3.419,62.8,50.2,0.00271,188.3,Active
331.23,4.1,3.536,64.0,60.8,0.00338,208.3,Inactive
339.68,4.038,3.224,61.8,64.8,0.00292,183.3,Inactive
358.98,4.051,3.532,64.1,63.9,0.00352,226.3,Inactive
343.24,4.126,3.38,53.8,55.2,0.00382,236.7,Inactive
356.78,4.133,3.245,64.4,55.0,0.00474,244.4,Inactive
322.76,4.164,3.215,57.3,55.8,0.00287,232.2,Active
320.42,4.034,3.432,64.3,63.3,0.00426,227.0,Inactive
339.72,4.0,3.248,60.7,58.5,0.00354,231.1,Active
346.09,4.015,3.277,66.8,59.5,0.00474,188.2,Active
369.51,4.042,3.205,69.9,50.6,0.00417,192.4,Active
349.01,4.181,3.328,63.4,48.8,0.00406,203.6,Active
330.56,4.063,3.272,68.0,52.9,0.00311,211.4,Inactive
336.03,4.149,3.588,58.8,62.2,0.00391,191.0,Active
354.53,4.103,3.46,67.8,53.8,0.00475,232.5,Inactive
344.43,4.121,3.33,69.7,58.3,0.00261,202.9,Active
351.17,4.011,3.21,59.0,51.7,0.0036,198.4,Active
328.24,4.138,3.406,54.0,51.4,0.00398,185.1,Inactive
327.37,4.015,3.525,65.0,60.1,0.00429,226.9,Active
343.85,4.128,3.215,62.4,60.6,0.00375,205.0,Inactive
333.87,4.129,3.477,67.4,51.8,0.00442,219.3,Inactive
364.14,4.106,3.407,61.6,60.0,0.00491,185.1,Inactive
322.67,4.188,3.412,62.3,54.6,0.00273,233.8,Active
357.36,4.062,3.322,66.8,46.4,0.0047,198.0,Inactive
349.65,4.187,3.471,58.3,58.8,0.00336,199.4,Inactive
369.83,4.15,3.458,57.1,46.0,0.00258,218.8,Inactive
358.1,4.107,3.536,50.7,52.3,0.00309,211.3,Active
323.62,4.191,3.289,68.4,53.5,0.00496,218.8,Active
366.54,4.001,3.499,68.1,47.8,0.00274,209.7,Active
366.68,4.108,3.411,52.8,45.0,0.00453,186.1,Inactive
351.69,4.183,3.283,63.3,46.6,0.00401,191.5,Active
356.8,4.06,3.385,62.0,48.4,0.00435,201.2,Active
353.12,4.032,3.475,52.6,53.5,0.00312,232.4,Inactive
333.1,4.176,3.557,53.9,57.3,0.00272,207.4,Inactive
355.67,4.132,3.45,55.7,52.6,0.00276,230.3,Active
345.19,4.142,3.3,56.5,51.7,0.00256,203.9,Inactive
360.17,4.179,3.407,59.1,45.6,0.0047,180.9,Active
367.24,4.098,3.337,68.5,45.5,0.00395,218.4,Inactive
330.97,4.086,3.461,64.5,45.0,0.00484,191.5,Active
331.68,4.053,3.215,52.5,64.7,0.00329,188.1,Inactive
325.35,4.144,3.542,55.1,45.4,0.00306,184.0,Active
325.17,4.086,3.292,60.3,50.1,0.00485,243.4,Active
348.34,4.071,3.352,58.2,59.6,0.00363,240.0,Inactive
367.2,4.067,3.424,51.9,49.0,0.00353,194.4,Inactive
363.83,4.032,3.382,62.1,58.8,0.00346,240.8,Inactive
348.42,4.088,3.227,59.3,61.4,0.00404,238.3,Inactive
344.7,4.024,3.205,56.1,59.0,0.00448,200.7,Active
344.78,4.084,3.364,54.6,47.7,0.00299,183.9,Active
329.91,4.002,3.451,56.3,64.5,0.00298,204.2,Active
337.89,4.002,3.536,50.6,63.8,0.00473,217.5,Inactive
347.18,4.131,3.355,62.9,45.9,0.00264,212.0,Active
347.48,4.178,3.242,66.5,49.2,0.00349,202.2,Active
340.01,4.03,3.401,66.0,53.8,0.00373,239.4,Active
355.3,4.098,3.303,67.7,56.5,0.00305,198.8,Active
360.16,4.009,3.597,52.6,60.9,0.00349,214.5,Active
364.03,4.083,3.415,51.0,45.0,0.00311,227.6,Inactive
326.06,4.023,3.364,63.0,59.2,0.00295,185.6,Inactive
367.02,4.052,3.541,67.3,60.5,0.00292,237.5,Inactive
358.46,4.119,3.335,55.3,47.4,0.00377,221.0,Inactive
337.97,4.095,3.345,62.8,63.0,0.00291,206.7,Active
327.04,4.125,3.492,68.6,50.6,0.00488,184.4,Inactive
350.15,4.011,3.558,60.6,58.4,0.00458,190.5,Inactive
321.93,4.176,3.326,52.6,54.4,0.004,182.2,Inactive
333.74,4.007,3.368,67.9,64.7,0.00409,191.3,Active
365.29,4.103,3.261,68.4,60.1,0.00433,229.6,Active
330.02,4.042,3.475,54.4,53.8,0.00446,234.9,Active
342.66,4.158,3.535,63.1,49.6,0.00319,202.0,Active
325.84,4.055,3.284,59.1,63.2,0.00276,230.4,Active
354.36,4.019,3.569,61.4,52.3,0.00439,198.0,Active
354.68,4.008,3.536,59.0,57.7,0.00305,227.4,Inactive
358.61,4.095,3.447,59.1,62.9,0.00374,238.9,Inactive
360.07,4.082,3.292,58.1,61.5,0.00307,216.7,Inactive
360.3,4.071,3.457,54.9,47.2,0.00449,186.9,Inactive
333.57,4.171,3.339,69.5,64.6,0.00317,182.9,Inactive
355.25,4.09,3.24,64.2,45.6,0.00468,189.7,Inactive
326.37,4.035,3.584,63.9,61.0,0.00349,203.5,Inactive
331.72,4.096,3.421,62.6,50.1,0.00487,191.9,Active
368.28,4.003,3.392,56.7,54.0,0.00393,210.5,Active
340.74,4.147,3.474,66.7,50.0,0.00402,221.0,Inactive
338.49,4.097,3.326,52.8,49.3,0.00276,227.8,Inactive
353.04,4.19,3.492,51.0,62.7,0.00466,211.0,Active
349.29,4.195,3.413,68.1,46.7,0.00298,210.9,Inactive
349.24,4.163,3.595,57.8,45.9,0.0045,222.3,Inactive
329.93,4.099,3.497,65.4,55.0,0.00326,248.2,Inactive
353.17,4.082,3.312,64.6,49.8,0.00293,217.1,Active
334.5,4.126,3.247,63.1,50.7,0.0025,188.9,Active
366.68,4.173,3.293,65.6,57.2,0.00493,206.2,Inactive
354.07,4.013,3.358,69.3,55.8,0.00322,188.4,Active
355.18,4.129,3.35,69.0,45.4,0.00326,244.5,Active
336.05,4.05,3.414,66.5,47.1,0.00486,235.7,Active
329.06,4.142,3.354,58.0,60.7,0.00491,188.9,Inactive
341.03,4.096,3.351,57.3,46.0,0.00421,210.5,Active
329.74,4.163,3.521,59.7,51.0,0.0041,200.2,Active
331.8,4.146,3.216,51.9,45.1,0.00288,184.8,Inactive
369.79,4.058,3.26,54.8,63.7,0.0038,205.5,Inactive
363.67,4.079,3.334,54.1,52.6,0.00329,227.4,Inactive
334.48,4.115,3.226,53.8,53.1,0.00484,206.4,Active
353.2,4.051,3.251,51.2,51.1,0.00289,192.2,Active
358.04,4.003,3.423,57.6,55.1,0.00391,201.9,Inactive
334.76,4.147,3.549,53.9,47.0,0.00474,204.5,Inactive
347.57,4.072,3.25,61.8,55.5,0.00301,211.6,Active
359.85,4.118,3.239,61.0,59.1,0.00448,224.0,Active
327.63,4.142,3.471,50.5,53.2,0.00333,226.9,Inactive
330.81,4.118,3.565,66.0,63.4,0.00495,180.7,Active
351.14,4.083,3.544,55.0,64.6,0.00403,235.5,Inactive
324.28,4.037,3.503,50.4,61.3,0.00253,226.0,Active
338.25,4.122,3.478,56.8,47.2,0.00267,221.2,Inactive
346.03,4.148,3.404,58.4,53.0,0.00257,203.5,Active
368.8,4.175,3.332,61.8,61.9,0.0036,181.3,Inactive
323.73,4.102,3.588,63.9,46.4,0.00297,234.0,Active
362.07,4.124,3.458,50.6,61.6,0.00447,198.1,Inactive
355.43,4.043,3.216,54.0,48.6,0.00334,209.3,Active
345.43,4.095,3.308,50.6,57.1,0.00349,200.9,Inactive
363.35,4.149,3.543,59.9,47.6,0.00424,194.4,Inactive
342.06,4.013,3.53,52.5,63.1,0.00466,212.5,Inactive
357.22,4.124,3.521,58.6,60.7,0.00366,245.9,Inactive
344.32,4.093,3.514,66.4,56.1,0.00295,212.7,Inactive
368.4,4.151,3.524,50.7,54.4,0.00412,238.1,Active
322.46,4.17,3.419,53.9,51.3,0.0032,217.2,Inactive
322.58,4.032,3.525,52.7,49.7,0.00363,216.2,Active
358.18,4.089,3.516,62.4,47.3,0.00289,210.6,Inactive
339.84,4.149,3.432,57.8,48.4,0.00307,220.3,Active
341.17,4.103,3.268,63.3,62.1,0.00314,214.4,Inactive
368.78,4.067,3.438,51.8,57.1,0.00272,247.1,Inactive
355.78,4.158,3.482,61.8,54.0,0.00465,247.0,Active
344.95,4.186,3.433,60.8,54.1,0.00302,180.3,Inactive
332.08,4.102,3.352,59.0,64.6,0.00338,211.7,Active
326.68,4.01,3.51,61.4,60.2,0.00287,220.0,Active
332.68,4.046,3.205,52.6,51.2,0.00279,249.0,Inactive
335.43,4.026,3.28,61.8,46.3,0.00466,247.3,Inactive
332.34,4.09,3.209,62.8,53.3,0.00318,194.5,Active
352.7,4.083,3.272,63.8,56.3,0.00465,188.2,Inactive
359.28,4.135,3.246,63.9,53.8,0.00486,189.9,Inactive
352.14,4.076,3.583,56.6,64.2,0.00475,198.9,Inactive
360.18,4.199,3.301,58.7,55.4,0.00324,181.1,Active
331.01,4.056,3.377,53.4,62.5,0.00426,186.0,Inactive
352.5,4.131,3.582,50.1,50.0,0.00482,245.2,Active
356.03,4.153,3.237,60.3,49.6,0.00295,236.7,Active
326.75,4.094,3.575,53.7,64.6,0.00499,218.9,Active
328.51,4.063,3.37,56.2,50.6,0.00493,190.7,Active
356.67,4.0,3.438,68.3,50.8,0.00296,225.6,Inactive
355.63,4.138,3.328,55.0,64.1,0.00481,212.0,Inactive
362.31,4.09,3.37,53.1,53.5,0.00384,181.6,Active
342.21,4.156,3.472,62.7,63.2,0.00255,219.0,Active
359.37,4.108,3.33,52.7,62.8,0.00368,241.5,Active
349.29,4.135,3.522,63.2,53.0,0.00378,236.2,Active
338.68,4.078,3.238,68.3,46.8,0.00412,208.9,Inactive
340.28,4.136,3.227,61.9,60.4,0.00457,191.9,Active
364.87,4.131,3.553,59.7,55.8,0.0048,243.0,Active
342.41,4.055,3.357,57.8,50.7,0.00317,240.3,Active
323.49,4.136,3.269,56.9,46.2,0.00317,233.8,Active
364.25,4.044,3.385,59.4,62.5,0.00441,215.9,Active
353.54,4.169,3.204,58.1,63.1,0.00435,218.0,Inactive
346.48,4.07,3.408,63.1,53.4,0.00429,240.3,Inactive
327.73,4.09,3.363,63.7,50.0,0.0041,241.4,Inactive
340.91,4.182,3.597,52.1,49.7,0.00488,247.1,Inactive
324.89,4.003,3.264,69.9,48.6,0.00376,239.4,Inactive
321.02,4.121,3.311,67.2,50.7,0.00422,227.2,Active
331.07,4.007,3.364,55.8,61.2,0.0045,212.0,Inactive
350.33,4.121,3.531,58.5,50.5,0.00316,217.5,Active
342.46,4.088,3.236,64.4,49.3,0.00299,208.9,Inactive
331.39,4.117,3.349,59.0,55.7,0.00301,190.9,Inactive
364.02,4.087,3.365,50.7,55.0,0.00389,219.1,Inactive
355.35,4.035,3.301,66.2,63.9,0.00284,214.8,Inactive
330.71,4.012,3.33,52.9,59.2,0.00383,190.1,Active
320.46,4.162,3.27,62.1,51.7,0.00396,202.1,Inactive
324.35,4.045,3.275,58.6,58.2,0.00316,180.8,Active
345.95,4.121,3.585,61.8,54.4,0.00393,245.0,Inactive
361.42,4.065,3.295,55.3,55.1,0.00436,215.2,Inactive
323.39,4.145,3.522,55.8,58.3,0.00357,242.2,Inactive
362.26,4.105,3.477,67.7,54.9,0.00328,232.8,Active
331.0,4.078,3.546,64.5,53.1,0.00304,204.9,Active
334.21,4.035,3.497,55.0,54.1,0.00346,248.7,Inactive
339.55,4.016,3.236,61.8,57.0,0.00355,210.2,Inactive
322.7,4.103,3.402,53.0,47.1,0.00281,187.1,Active
350.49,4.039,3.301,53.5,64.2,0.00464,196.1,Active
336.38,4.042,3.397,50.4,58.4,0.00381,242.9,Inactive
328.22,4.161,3.517,52.5,53.0,0.00293,197.8,Inactive
333.16,4.111,3.365,69.0,47.5,0.00493,196.1,Active
358.64,4.068,3.257,67.2,51.2,0.00415,219.7,Inactive
343.59,4.099,3.493,51.8,58.4,0.00474,184.0,Active
327.03,4.143,3.375,58.1,47.7,0.00377,188.9,Inactive
343.83,4.153,3.303,59.6,64.8,0.00422,238.9,Inactive
340.74,4.154,3.216,52.5,49.1,0.0035,239.2,Active
337.31,4.131,3.484,61.7,52.1,0.00394,204.0,Active
324.19,4.199,3.251,51.4,62.6,0.00325,225.5,Inactive
336.45,4.078,3.305,56.9,53.2,0.0043,215.8,Active
367.18,4.008,3.401,61.7,63.4,0.00262,220.1,Inactive
362.68,4.048,3.551,50.4,59.6,0.00483,226.0,Active
341.95,4.009,3.568,59.4,45.6,0.00422,213.7,Active
326.22,4.043,3.226,61.5,57.4,0.00376,237.2,Active
363.05,4.123,3.205,63.9,53.4,0.00391,225.4,Active
337.51,4.183,3.254,63.4,45.1,0.00481,187.9,Inactive
324.74,4.067,3.349,54.3,56.7,0.00361,182.4,Inactive
335.98,4.162,3.476,64.5,59.0,0.00328,187.0,Active
333.62,4.166,3.592,59.9,45.2,0.00285,202.5,Inactive
348.93,4.015,3.577,57.3,63.3,0.00445,232.9,Inactive
350.34,4.125,3.455,62.6,56.1,0.00497,231.3,Inactive
358.85,4.174,3.286,51.7,54.7,0.00379,238.0,Inactive
342.19,4.114,3.411,50.8,57.3,0.00457,191.0,Inactive
349.72,4.119,3.266,52.5,64.6,0.00348,195.9,Inactive
328.57,4.134,3.444,62.9,46.8,0.00473,207.2,Active
335.67,4.092,3.356,67.3,63.6,0.00326,240.5,Inactive
359.08,4.186,3.298,61.5,50.5,0.00456,180.4,Active
348.24,4.068,3.329,62.9,62.0,0.00402,239.7,Inactive
333.23,4.104,3.38,50.2,56.1,0.00415,221.4,Active
356.81,4.114,3.227,52.3,56.9,0.00319,185.6,Inactive
341.48,4.111,3.331,64.4,57.9,0.00333,232.8,Inactive
352.43,4.127,3.421,50.2,58.9,0.00344,246.0,Inactive
360.9,4.118,3.301,54.1,51.8,0.00369,200.7,Active
345.75,4.033,3.591,52.2,63.6,0.00478,216.8,Inactive
356.25,4.087,3.452,56.8,51.0,0.00395,214.9,Active
348.98,4.057,3.347,51.7,46.0,0.00313,185.2,Active
325.19,4.163,3.216,63.2,50.5,0.00468,213.9,Inactive
335.28,4.104,3.353,61.3,47.3,0.00499,209.8,Inactive
337.41,4.142,3.346,66.7,54.1,0.0043,187.5,Inactive
362.31,4.147,3.285,52.9,51.3,0.00494,198.0,Active
342.81,4.006,3.359,61.4,64.1,0.00379,237.3,Active
347.36,4.008,3.326,61.5,64.0,0.00465,196.0,Inactive
331.01,4.04,3.569,67.1,60.5,0.00348,215.3,Inactive
343.22,4.051,3.402,50.6,47.6,0.00472,232.6,Inactive
341.14,4.103,3.348,64.8,60.7,0.00441,230.6,Active
330.23,4.068,3.388,56.6,60.1,0.00332,189.7,Active
339.95,4.196,3.29,62.2,53.7,0.00268,214.2,Inactive
355.11,4.103,3.549,55.8,46.7,0.00484,206.5,Inactive
348.82,4.158,3.33,64.3,47.7,0.00323,190.1,Active
360.56,4.045,3.487,68.9,55.6,0.00385,212.3,Inactive
336.29,4.095,3.441,69.7,63.8,0.00466,242.2,Inactive
343.39,4.131,3.558,57.9,64.2,0.00354,222.1,Active
355.49,4.19,3.298,64.9,55.4,0.00317,234.4,Active
347.61,4.132,3.329,59.6,57.3,0.00351,193.9,Inactive
368.08,4.102,3.494,58.2,52.1,0.00352,208.6,Inactive
347.21,4.109,3.399,52.7,54.9,0.00292,188.8,Active
366.63,4.121,3.464,58.0,63.2,0.00409,233.8,Active
338.43,4.192,3.528,67.1,48.4,0.00318,200.0,Active
333.55,4.171,3.213,51.5,50.5,0.003,196.2,Active
359.9,4.113,3.202,58.6,53.2,0.00278,227.3,Active
355.1,4.144,3.491,50.0,64.1,0.00454,243.3,Inactive
320.78,4.187,3.524,66.7,46.9,0.00435,247.2,Active
353.93,4.114,3.578,58.9,57.0,0.00369,245.3,Active
323.8,4.1,3.475,65.8,56.7,0.00477,245.9,Inactive
323.22,4.08,3.209,56.6,55.7,0.00478,239.3,Active
326.37,4.019,3.436,60.6,50.3,0.00475,244.9,Inactive
340.13,4.178,3.354,64.7,54.5,0.00281,245.0,Active
342.7,4.147,3.347,50.4,47.0,0.00374,228.3,Active
336.74,4.139,3.479,64.1,54.9,0.00479,214.2,Active
342.51,4.04,3.323,50.8,57.7,0.00312,201.3,Active
358.54,4.065,3.297,53.4,60.5,0.00282,211.8,Inactive
345.35,4.137,3.453,66.2,45.9,0.00324,199.6,Active
327.3,4.058,3.324,60.4,58.3,0.00345,230.4,Inactive
336.81,4.058,3.416,50.5,46.6,0.00354,246.0,Inactive
356.08,4.018,3.539,64.6,57.2,0.00455,208.3,Active
331.08,4.102,3.42,60.8,56.3,0.00487,243.2,Inactive
363.79,4.16,3.577,52.0,50.3,0.00374,239.3,Inactive
345.26,4.15,3.256,55.0,59.6,0.00291,204.6,Inactive
333.24,4.07,3.483,57.4,56.1,0.00275,236.4,Active
338.49,4.13,3.49,54.2,62.7,0.00404,210.0,Active
329.12,4.188,3.502,54.2,51.8,0.00452,228.7,Inactive
358.29,4.088,3.487,57.7,49.2,0.00408,248.3,Inactive
335.53,4.092,3.47,60.8,61.9,0.0044,184.1,Active
369.92,4.15,3.546,63.0,62.1,0.00278,204.3,Inactive
363.82,4.04,3.231,65.8,61.7,0.00291,239.8,Inactive
354.34,4.104,3.532,58.4,48.9,0.00321,215.4,Inactive
346.57,4.161,3.517,61.6,60.6,0.00298,183.5,Inactive
363.68,4.015,3.299,63.9,53.2,0.00469,200.9,Inactive
320.59,4.06,3.431,57.5,55.7,0.00469,243.9,Inactive
333.3,4.092,3.42,69.0,65.0,0.00309,230.9,Active
338.9,4.002,3.204,59.2,54.8,0.00256,228.1,Active
334.7,4.112,3.32,53.3,53.1,0.00308,217.4,Active
329.94,4.102,3.263,63.4,60.1,0.00278,212.7,Inactive
323.54,4.12,3.306,60.6,55.3,0.00481,218.4,Active
349.15,4.08,3.58,65.5,50.7,0.00461,210.3,Inactive
361.43,4.165,3.276,64.0,50.8,0.00324,200.7,Inactive
356.28,4.046,3.2,64.3,48.4,0.00276,196.6,Active
339.0,4.095,3.218,69.4,59.3,0.00331,202.3,Active
342.43,4.125,3.259,53.8,62.2,0.00314,206.6,Inactive
363.56,4.133,3.337,63.7,45.4,0.00434,214.1,Active
360.66,4.191,3.57,68.2,55.2,0.0034,212.6,Active
354.49,4.177,3.283,68.4,61.3,0.00495,241.6,Inactive
334.0,4.021,3.245,55.8,57.3,0.00451,242.9,Inactive
351.19,4.001,3.275,52.0,52.3,0.00375,183.0,Active
337.42,4.036,3.459,59.3,54.9,0.00357,246.9,Inactive
330.74,4.103,3.494,61.1,63.6,0.00344,212.5,Active
324.43,4.122,3.315,53.2,55.9,0.00383,185.3,Active
354.91,4.125,3.276,59.4,59.4,0.00382,207.7,Inactive
336.12,4.122,3.576,63.4,46.5,0.00365,242.4,Inactive
324.72,4.198,3.58,51.6,63.7,0.00341,239.1,Active
340.92,4.088,3.454,65.5,45.7,0.00398,193.1,Inactive
337.3,4.07,3.388,56.7,47.1,0.00286,182.3,Active
343.51,4.191,3.246,68.9,59.7,0.00409,225.2,Inactive
361.34,4.021,3.402,63.9,56.7,0.00458,185.1,Inactive
354.54,4.107,3.352,56.8,57.4,0.00473,214.7,Active
361.24,4.08,3.241,51.2,46.0,0.00345,203.6,Inactive
355.9,4.149,3.22,54.4,50.5,0.00387,190.1,Active
326.7,4.189,3.522,53.6,53.1,0.00339,235.4,Inactive
345.51,4.026,3.496,57.9,50.3,0.00344,214.8,Active
337.16,4.048,3.359,50.4,60.4,0.00293,183.1,Active
352.68,4.155,3.526,59.9,49.1,0.00434,229.0,Inactive
332.31,4.181,3.242,69.7,62.2,0.00422,245.7,Active
356.12,4.038,3.377,51.4,52.8,0.00435,207.1,Inactive
336.51,4.119,3.549,51.0,52.7,0.0029,228.7,Active
325.29,4.133,3.314,54.0,63.7,0.00255,210.6,Active
321.08,4.097,3.4,56.4,47.6,0.00344,227.1,Active
359.12,4.106,3.436,54.0,50.7,0.0029,197.5,Inactive
331.24,4.104,3.425,68.9,48.9,0.0041,237.2,Inactive
348.01,4.051,3.305,50.8,51.1,0.00436,183.3,Active
330.96,4.141,3.513,59.1,59.0,0.00347,191.2,Inactive
339.91,4.116,3.579,51.4,55.1,0.00332,215.6,Inactive
321.2,4.063,3.528,61.1,54.0,0.00321,200.9,Active
339.16,4.167,3.587,58.8,52.9,0.00462,209.9,Active
347.6,4.046,3.497,60.6,61.2,0.00445,195.1,Active
355.78,4.16,3.338,53.5,45.1,0.00363,204.7,Inactive
347.75,4.038,3.544,55.2,49.5,0.0037,214.9,Active
330.75,4.054,3.268,64.4,60.4,0.00366,230.0,Active
356.8,4.028,3.586,66.4,49.1,0.00297,188.8,Inactive
326.92,4.15,3.388,65.7,59.9,0.00401,228.0,Active
320.92,4.062,3.455,50.2,45.7,0.00463,227.9,Inactive
333.27,4.138,3.517,56.1,45.7,0.00483,204.2,Active
325.32,4.098,3.507,54.4,50.4,0.00311,249.4,Inactive
329.87,4.115,3.57,52.9,64.4,0.00487,241.9,Active
330.73,4.127,3.504,69.7,48.6,0.00442,203.7,Active
328.78,4.084,3.518,59.3,55.8,0.00499,207.9,Active
350.77,4.073,3.357,63.9,63.8,0.00386,233.8,Inactive
324.46,4.042,3.401,50.4,50.1,0.00379,181.0,Inactive
333.23,4.103,3.429,68.5,57.9,0.00354,245.1,Active
359.24,4.04,3.252,63.5,56.2,0.00447,231.7,Active
351.26,4.197,3.413,52.3,61.6,0.00313,234.4,Inactive
367.86,4.139,3.438,59.2,52.3,0.00338,224.5,Active
357.56,4.136,3.279,59.9,60.8,0.00369,217.6,Active
358.56,4.132,3.364,67.9,48.3,0.00499,188.3,Active
320.75,4.178,3.298,64.6,61.2,0.00465,249.4,Inactive
334.7,4.142,3.246,58.1,62.0,0.00342,221.4,Inactive
345.19,4.129,3.589,51.1,56.5,0.00466,213.7,Active
323.93,4.112,3.333,53.1,62.0,0.0038,245.3,Inactive
360.3,4.139,3.202,58.6,48.9,0.00478,192.2,Active
334.3,4.103,3.305,54.2,57.0,0.00272,184.1,Inactive
338.61,4.144,3.422,58.5,56.3,0.00341,245.5,Active
322.75,4.135,3.557,66.1,48.7,0.00324,230.2,Active
324.21,4.162,3.488,64.6,47.0,0.00429,227.6,Inactive
361.55,4.008,3.209,57.5,48.0,0.0039,244.2,Active
339.57,4.169,3.2,53.4,45.6,0.00332,243.6,Active
324.85,4.121,3.381,68.8,47.5,0.00303,182.1,Inactive
341.7,4.056,3.548,62.1,57.3,0.00383,186.4,Inactive
342.25,4.2,3.534,67.9,61.5,0.00276,195.9,Active
320.16,4.061,3.243,59.5,58.5,0.00469,232.4,Inactive
366.93,4.011,3.205,63.2,50.8,0.00313,203.2,Inactive
333.49,4.102,3.376,60.2,58.5,0.00347,197.6,Inactive
328.31,4.07,3.497,65.1,58.3,0.00309,221.2,Active
348.53,4.097,3.42,59.8,56.3,0.00429,187.7,Inactive
357.48,4.027,3.227,69.5,64.1,0.00265,211.0,Active
329.31,4.097,3.532,69.0,57.7,0.00338,222.2,Inactive
335.6,4.182,3.548,61.2,51.5,0.00323,182.3,Active
360.79,4.09,3.33,59.4,61.4,0.00281,240.0,Active
364.88,4.189,3.359,54.3,52.5,0.00333,192.3,Inactive
350.36,4.095,3.546,50.6,57.9,0.00441,233.2,Active
364.3,4.146,3.571,56.7,55.1,0.00254,180.5,Active
332.01,4.02,3.304,53.5,45.6,0.00477,180.6,Inactive
356.8,4.03,3.565,67.9,58.1,0.00418,180.4,Inactive
369.24,4.176,3.558,63.2,51.9,0.00473,200.4,Active
348.14,4.02,3.569,52.8,49.5,0.0039,233.5,Inactive
350.97,4.046,3.2,65.1,64.7,0.00452,212.2,Inactive
365.19,4.082,3.41,59.5,54.0,0.00444,216.9,Active
335.84,4.052,3.215,61.7,49.6,0.00287,225.8,Active
354.06,4.15,3.401,67.9,63.7,0.00452,224.5,Active
335.19,4.197,3.31,54.1,53.8,0.00264,248.5,Inactive
